cost,rbf_sigma,.iter,.metric,.estimator,mean,n,std_err,.config,model
0.0011322307004272437,0.13022049680993578,0,bal_accuracy,binary,0.5514985829292174,50,0.005012332207950675,Model01,svm-rbf-wv
0.0011322307004272437,0.13022049680993578,0,f_meas,binary,0.1768530963235009,50,0.014343979344014044,Model01,svm-rbf-wv
0.0011322307004272437,0.13022049680993578,0,kap,binary,0.15421650993496064,50,0.01417127281618207,Model01,svm-rbf-wv
0.0011322307004272437,0.13022049680993578,0,npv,binary,0.9338527845503287,50,0.0019044699376590465,Model01,svm-rbf-wv
0.0011322307004272437,0.13022049680993578,0,ppv,binary,0.4815050505050504,50,0.03822471859127694,Model01,svm-rbf-wv
0.0011322307004272437,0.13022049680993578,0,precision,binary,0.4815050505050505,50,0.03822471859127695,Model01,svm-rbf-wv
0.0011322307004272437,0.13022049680993578,0,recall,binary,0.11303911579668516,50,0.009951771029962895,Model01,svm-rbf-wv
0.0011322307004272437,0.13022049680993578,0,roc_auc,binary,0.8542915070019242,50,0.005177046941610851,Model01,svm-rbf-wv
0.06408737599532126,8.653417196544882e-5,0,bal_accuracy,binary,0.5535893909887505,50,0.00733559664809307,Model02,svm-rbf-wv
0.06408737599532126,8.653417196544882e-5,0,f_meas,binary,0.17319724951326954,50,0.018037613456453338,Model02,svm-rbf-wv
0.06408737599532126,8.653417196544882e-5,0,kap,binary,0.1445604168192089,50,0.017632315820247806,Model02,svm-rbf-wv
0.06408737599532126,8.653417196544882e-5,0,npv,binary,0.9343764260507901,50,0.001918686703879439,Model02,svm-rbf-wv
0.06408737599532126,8.653417196544882e-5,0,ppv,binary,0.34549628149628164,50,0.030864217036964597,Model02,svm-rbf-wv
0.06408737599532126,8.653417196544882e-5,0,precision,binary,0.3454962814962815,50,0.030864217036964587,Model02,svm-rbf-wv
0.06408737599532126,8.653417196544882e-5,0,recall,binary,0.12360620237290602,50,0.01499778421593128,Model02,svm-rbf-wv
0.06408737599532126,8.653417196544882e-5,0,roc_auc,binary,0.8824595570856133,50,0.005380819372997541,Model02,svm-rbf-wv
0.009115333556616378,1.6136587784892246e-10,0,bal_accuracy,binary,0.5272055509317365,50,0.005224183088833286,Model03,svm-rbf-wv
0.009115333556616378,1.6136587784892246e-10,0,f_meas,binary,0.10616339334640407,46,0.015731823290993412,Model03,svm-rbf-wv
0.009115333556616378,1.6136587784892246e-10,0,kap,binary,0.07982398966080101,50,0.014221374271298656,Model03,svm-rbf-wv
0.009115333556616378,1.6136587784892246e-10,0,npv,binary,0.9306614568544999,50,0.0018558226819524583,Model03,svm-rbf-wv
0.009115333556616378,1.6136587784892246e-10,0,ppv,binary,0.32440476190476186,46,0.04373354271543928,Model03,svm-rbf-wv
0.009115333556616378,1.6136587784892246e-10,0,precision,binary,0.3244047619047619,46,0.04373354271543928,Model03,svm-rbf-wv
0.009115333556616378,1.6136587784892246e-10,0,recall,binary,0.06317363016479016,50,0.010867057855177395,Model03,svm-rbf-wv
0.009115333556616378,1.6136587784892246e-10,0,roc_auc,binary,0.41397298383798015,50,0.04991748901007487,Model03,svm-rbf-wv
0.027951979801215138,5.015960250624425e-8,0,bal_accuracy,binary,0.517809649850464,50,0.0037559863432282408,Model04,svm-rbf-wv
0.027951979801215138,5.015960250624425e-8,0,f_meas,binary,0.07893902733723326,44,0.01335195375161381,Model04,svm-rbf-wv
0.027951979801215138,5.015960250624425e-8,0,kap,binary,0.05612788981084713,50,0.011666071886310189,Model04,svm-rbf-wv
0.027951979801215138,5.015960250624425e-8,0,npv,binary,0.9292650545711572,50,0.0018658990496527058,Model04,svm-rbf-wv
0.027951979801215138,5.015960250624425e-8,0,ppv,binary,0.3001893939393939,44,0.05024932597858643,Model04,svm-rbf-wv
0.027951979801215138,5.015960250624425e-8,0,precision,binary,0.3001893939393939,44,0.05024932597858642,Model04,svm-rbf-wv
0.027951979801215138,5.015960250624425e-8,0,recall,binary,0.04164800272490406,50,0.007613869306897743,Model04,svm-rbf-wv
0.027951979801215138,5.015960250624425e-8,0,roc_auc,binary,0.4139715312527333,50,0.0499192701652725,Model04,svm-rbf-wv
0.35126859717822145,0.43287917451781294,0,bal_accuracy,binary,0.5555320400012638,50,0.005499103913071384,Model05,svm-rbf-wv
0.35126859717822145,0.43287917451781294,0,f_meas,binary,0.18718228790101885,50,0.015494759163915333,Model05,svm-rbf-wv
0.35126859717822145,0.43287917451781294,0,kap,binary,0.1676246862276378,50,0.015087726854355702,Model05,svm-rbf-wv
0.35126859717822145,0.43287917451781294,0,npv,binary,0.9343511610516168,50,0.0019372706669071335,Model05,svm-rbf-wv
0.35126859717822145,0.43287917451781294,0,ppv,binary,0.570177489177489,50,0.036189492333618276,Model05,svm-rbf-wv
0.35126859717822145,0.43287917451781294,0,precision,binary,0.5701774891774891,50,0.03618949233361828,Model05,svm-rbf-wv
0.35126859717822145,0.43287917451781294,0,recall,binary,0.11844132572511479,50,0.011091051635883588,Model05,svm-rbf-wv
0.35126859717822145,0.43287917451781294,0,roc_auc,binary,0.8486195132752514,50,0.005614157177261155,Model05,svm-rbf-wv
0.02007981192620214,0.005462207642553254,0,bal_accuracy,binary,0.8257267604445446,50,0.005961606702493668,Model06,svm-rbf-wv
0.02007981192620214,0.005462207642553254,0,f_meas,binary,0.4704624958668696,50,0.010239216168502662,Model06,svm-rbf-wv
0.02007981192620214,0.005462207642553254,0,kap,binary,0.4120443760625315,50,0.010579569800454937,Model06,svm-rbf-wv
0.02007981192620214,0.005462207642553254,0,npv,binary,0.9796825996381651,50,0.001199878100307426,Model06,svm-rbf-wv
0.02007981192620214,0.005462207642553254,0,ppv,binary,0.34357941268887576,50,0.00988440134391895,Model06,svm-rbf-wv
0.02007981192620214,0.005462207642553254,0,precision,binary,0.34357941268887576,50,0.00988440134391895,Model06,svm-rbf-wv
0.02007981192620214,0.005462207642553254,0,recall,binary,0.7682167405145267,50,0.012022958719030504,Model06,svm-rbf-wv
0.02007981192620214,0.005462207642553254,0,roc_auc,binary,0.9069131275858545,50,0.005064724524250832,Model06,svm-rbf-wv
0.21332908496300493,8.736261950664296e-8,0,bal_accuracy,binary,0.517809649850464,50,0.0037559863432282408,Model07,svm-rbf-wv
0.21332908496300493,8.736261950664296e-8,0,f_meas,binary,0.07893902733723326,44,0.01335195375161381,Model07,svm-rbf-wv
0.21332908496300493,8.736261950664296e-8,0,kap,binary,0.05612788981084713,50,0.011666071886310189,Model07,svm-rbf-wv
0.21332908496300493,8.736261950664296e-8,0,npv,binary,0.9292650545711572,50,0.0018658990496527058,Model07,svm-rbf-wv
0.21332908496300493,8.736261950664296e-8,0,ppv,binary,0.3001893939393939,44,0.05024932597858643,Model07,svm-rbf-wv
0.21332908496300493,8.736261950664296e-8,0,precision,binary,0.3001893939393939,44,0.05024932597858642,Model07,svm-rbf-wv
0.21332908496300493,8.736261950664296e-8,0,recall,binary,0.04164800272490406,50,0.007613869306897743,Model07,svm-rbf-wv
0.21332908496300493,8.736261950664296e-8,0,roc_auc,binary,0.41396562119909264,50,0.04992070468556995,Model07,svm-rbf-wv
0.09209970366524546,0.16796778702227277,0,bal_accuracy,binary,0.6144854610790342,50,0.006663828401769956,Model08,svm-rbf-wv
0.09209970366524546,0.16796778702227277,0,f_meas,binary,0.31613801515875517,50,0.01448714307284412,Model08,svm-rbf-wv
0.09209970366524546,0.16796778702227277,0,kap,binary,0.2788986357931272,50,0.014827408100151488,Model08,svm-rbf-wv
0.09209970366524546,0.16796778702227277,0,npv,binary,0.9429353215053449,50,0.0018505257561354366,Model08,svm-rbf-wv
0.09209970366524546,0.16796778702227277,0,ppv,binary,0.4462962003596679,50,0.020304810575468166,Model08,svm-rbf-wv
0.09209970366524546,0.16796778702227277,0,precision,binary,0.4462962003596678,50,0.020304810575468162,Model08,svm-rbf-wv
0.09209970366524546,0.16796778702227277,0,recall,binary,0.2544432231260265,50,0.013378272764268999,Model08,svm-rbf-wv
0.09209970366524546,0.16796778702227277,0,roc_auc,binary,0.8620929549673915,50,0.005403605150075618,Model08,svm-rbf-wv
0.0028385768652363862,1.598311367836245e-9,0,bal_accuracy,binary,0.517809649850464,50,0.0037559863432282408,Model09,svm-rbf-wv
0.0028385768652363862,1.598311367836245e-9,0,f_meas,binary,0.07893902733723326,44,0.01335195375161381,Model09,svm-rbf-wv
0.0028385768652363862,1.598311367836245e-9,0,kap,binary,0.05612788981084713,50,0.011666071886310189,Model09,svm-rbf-wv
0.0028385768652363862,1.598311367836245e-9,0,npv,binary,0.9292650545711572,50,0.0018658990496527058,Model09,svm-rbf-wv
0.0028385768652363862,1.598311367836245e-9,0,ppv,binary,0.3001893939393939,44,0.05024932597858643,Model09,svm-rbf-wv
0.0028385768652363862,1.598311367836245e-9,0,precision,binary,0.3001893939393939,44,0.05024932597858642,Model09,svm-rbf-wv
0.0028385768652363862,1.598311367836245e-9,0,recall,binary,0.04164800272490406,50,0.007613869306897743,Model09,svm-rbf-wv
0.0028385768652363862,1.598311367836245e-9,0,roc_auc,binary,0.41397298383798015,50,0.04991748901007487,Model09,svm-rbf-wv
0.04993601070131249,1.0266162558838742e-4,0,bal_accuracy,binary,0.5544759176405679,49,0.008468725907695365,Model10,svm-rbf-wv
0.04993601070131249,1.0266162558838742e-4,0,f_meas,binary,0.17234620259241665,49,0.019885046122382267,Model10,svm-rbf-wv
0.04993601070131249,1.0266162558838742e-4,0,kap,binary,0.14442431411824186,49,0.019428393769524318,Model10,svm-rbf-wv
0.04993601070131249,1.0266162558838742e-4,0,npv,binary,0.9342530438106074,49,0.0019862928477886307,Model10,svm-rbf-wv
0.04993601070131249,1.0266162558838742e-4,0,ppv,binary,0.3493594574026748,49,0.0336787124490586,Model10,svm-rbf-wv
0.04993601070131249,1.0266162558838742e-4,0,precision,binary,0.3493594574026747,49,0.03367871244905858,Model10,svm-rbf-wv
0.04993601070131249,1.0266162558838742e-4,0,recall,binary,0.12499508765256365,49,0.017412215785451966,Model10,svm-rbf-wv
0.04993601070131249,1.0266162558838742e-4,0,roc_auc,binary,0.8787293946246697,49,0.005943069085586131,Model10,svm-rbf-wv
0.0022865759388612105,5.006117470644526e-10,0,bal_accuracy,binary,0.5180311826778277,50,0.0037196707499272215,Model11,svm-rbf-wv
0.0022865759388612105,5.006117470644526e-10,0,f_meas,binary,0.07828081865532438,45,0.012862626293255389,Model11,svm-rbf-wv
0.0022865759388612105,5.006117470644526e-10,0,kap,binary,0.05653580378633274,50,0.011409403983072369,Model11,svm-rbf-wv
0.0022865759388612105,5.006117470644526e-10,0,npv,binary,0.929304462363894,50,0.0018578413381351573,Model11,svm-rbf-wv
0.0022865759388612105,5.006117470644526e-10,0,ppv,binary,0.29870370370370364,45,0.04861432569137143,Model11,svm-rbf-wv
0.0022865759388612105,5.006117470644526e-10,0,precision,binary,0.2987037037037037,45,0.04861432569137143,Model11,svm-rbf-wv
0.0022865759388612105,5.006117470644526e-10,0,recall,binary,0.04244800272490406,50,0.007566443751173038,Model11,svm-rbf-wv
0.0022865759388612105,5.006117470644526e-10,0,roc_auc,binary,0.41397298383798015,50,0.04991748901007487,Model11,svm-rbf-wv
0.0037372343801276024,0.016181602301411024,0,bal_accuracy,binary,0.7501000771445533,50,0.008094827008615933,Model12,svm-rbf-wv
0.0037372343801276024,0.016181602301411024,0,f_meas,binary,0.4478663017443807,50,0.01060809513849718,Model12,svm-rbf-wv
0.0037372343801276024,0.016181602301411024,0,kap,binary,0.39513518314750806,50,0.011233542540327145,Model12,svm-rbf-wv
0.0037372343801276024,0.016181602301411024,0,npv,binary,0.9648322277302376,50,0.001703814756831264,Model12,svm-rbf-wv
0.0037372343801276024,0.016181602301411024,0,ppv,binary,0.3735880153563935,50,0.01052609777037873,Model12,svm-rbf-wv
0.0037372343801276024,0.016181602301411024,0,precision,binary,0.3735880153563935,50,0.01052609777037873,Model12,svm-rbf-wv
0.0037372343801276024,0.016181602301411024,0,recall,binary,0.5764081920939601,50,0.016483983311948298,Model12,svm-rbf-wv
0.0037372343801276024,0.016181602301411024,0,roc_auc,binary,0.8242691129238355,50,0.007957562022094359,Model12,svm-rbf-wv
0.01718341919231658,3.5297644785070286e-6,0,bal_accuracy,binary,0.5179584554051003,50,0.003715966817311904,Model13,svm-rbf-wv
0.01718341919231658,3.5297644785070286e-6,0,f_meas,binary,0.07811661504284491,45,0.012824157070511162,Model13,svm-rbf-wv
0.01718341919231658,3.5297644785070286e-6,0,kap,binary,0.056186873305049345,50,0.01136591748224468,Model13,svm-rbf-wv
0.01718341919231658,3.5297644785070286e-6,0,npv,binary,0.9292938080243806,50,0.0018588608032367923,Model13,svm-rbf-wv
0.01718341919231658,3.5297644785070286e-6,0,ppv,binary,0.29314814814814805,45,0.04708632323340137,Model13,svm-rbf-wv
0.01718341919231658,3.5297644785070286e-6,0,precision,binary,0.29314814814814816,45,0.047086323233401374,Model13,svm-rbf-wv
0.01718341919231658,3.5297644785070286e-6,0,recall,binary,0.04244800272490406,50,0.007566443751173038,Model13,svm-rbf-wv
0.01718341919231658,3.5297644785070286e-6,0,roc_auc,binary,0.8564164951047637,50,0.007814363640778905,Model13,svm-rbf-wv
0.16923658945678893,0.0022171917003697074,0,bal_accuracy,binary,0.8453936925188101,50,0.005731673635524831,Model14,svm-rbf-wv
0.16923658945678893,0.0022171917003697074,0,f_meas,binary,0.5001279668386428,50,0.01027294783554542,Model14,svm-rbf-wv
0.16923658945678893,0.0022171917003697074,0,kap,binary,0.4456040914603638,50,0.010661911488652894,Model14,svm-rbf-wv
0.16923658945678893,0.0022171917003697074,0,npv,binary,0.9824873963095588,50,0.0011264608529699576,Model14,svm-rbf-wv
0.16923658945678893,0.0022171917003697074,0,ppv,binary,0.3688699035000109,50,0.010447399227547527,Model14,svm-rbf-wv
0.16923658945678893,0.0022171917003697074,0,precision,binary,0.3688699035000109,50,0.01044739922754753,Model14,svm-rbf-wv
0.16923658945678893,0.0022171917003697074,0,recall,binary,0.799587736367834,50,0.011661107705934481,Model14,svm-rbf-wv
0.16923658945678893,0.0022171917003697074,0,roc_auc,binary,0.9346072670823652,50,0.0029769593446923254,Model14,svm-rbf-wv
0.03880280747169183,4.805753795961579e-7,0,bal_accuracy,binary,0.517774314161418,50,0.003759909119181576,Model15,svm-rbf-wv
0.03880280747169183,4.805753795961579e-7,0,f_meas,binary,0.07893902733723326,44,0.01335195375161381,Model15,svm-rbf-wv
0.03880280747169183,4.805753795961579e-7,0,kap,binary,0.05601248527430482,50,0.011679245459018505,Model15,svm-rbf-wv
0.03880280747169183,4.805753795961579e-7,0,npv,binary,0.9292610411932307,50,0.0018654320852980627,Model15,svm-rbf-wv
0.03880280747169183,4.805753795961579e-7,0,ppv,binary,0.3001893939393939,44,0.05024932597858643,Model15,svm-rbf-wv
0.03880280747169183,4.805753795961579e-7,0,precision,binary,0.3001893939393939,44,0.05024932597858642,Model15,svm-rbf-wv
0.03880280747169183,4.805753795961579e-7,0,recall,binary,0.04164800272490406,50,0.007613869306897743,Model15,svm-rbf-wv
0.03880280747169183,4.805753795961579e-7,0,roc_auc,binary,0.41394855903739053,50,0.049932043005858844,Model15,svm-rbf-wv
0.012797967916844538,6.2582305684318335e-9,0,bal_accuracy,binary,0.517809649850464,50,0.0037559863432282408,Model16,svm-rbf-wv
0.012797967916844538,6.2582305684318335e-9,0,f_meas,binary,0.07893902733723326,44,0.01335195375161381,Model16,svm-rbf-wv
0.012797967916844538,6.2582305684318335e-9,0,kap,binary,0.05612788981084713,50,0.011666071886310189,Model16,svm-rbf-wv
0.012797967916844538,6.2582305684318335e-9,0,npv,binary,0.9292650545711572,50,0.0018658990496527058,Model16,svm-rbf-wv
0.012797967916844538,6.2582305684318335e-9,0,ppv,binary,0.3001893939393939,44,0.05024932597858643,Model16,svm-rbf-wv
0.012797967916844538,6.2582305684318335e-9,0,precision,binary,0.3001893939393939,44,0.05024932597858642,Model16,svm-rbf-wv
0.012797967916844538,6.2582305684318335e-9,0,recall,binary,0.04164800272490406,50,0.007613869306897743,Model16,svm-rbf-wv
0.012797967916844538,6.2582305684318335e-9,0,roc_auc,binary,0.41397298383798015,50,0.04991748901007487,Model16,svm-rbf-wv
0.0821330141892179,6.386875060614152e-10,0,bal_accuracy,binary,0.5177031288475998,50,0.0037490273104001377,Model17,svm-rbf-wv
0.0821330141892179,6.386875060614152e-10,0,f_meas,binary,0.07858899990493501,44,0.013204863130968275,Model17,svm-rbf-wv
0.0821330141892179,6.386875060614152e-10,0,kap,binary,0.055515604210966525,50,0.011525766610216604,Model17,svm-rbf-wv
0.0821330141892179,6.386875060614152e-10,0,npv,binary,0.9292525643655176,50,0.0018653403527872296,Model17,svm-rbf-wv
0.0821330141892179,6.386875060614152e-10,0,ppv,binary,0.2862554112554112,44,0.047239366721156174,Model17,svm-rbf-wv
0.0821330141892179,6.386875060614152e-10,0,precision,binary,0.28625541125541126,44,0.047239366721156174,Model17,svm-rbf-wv
0.0821330141892179,6.386875060614152e-10,0,recall,binary,0.04164800272490406,50,0.007613869306897743,Model17,svm-rbf-wv
0.0821330141892179,6.386875060614152e-10,0,roc_auc,binary,0.41397298383798015,50,0.04991748901007487,Model17,svm-rbf-wv
0.004558387229289181,3.4909164818433254e-4,0,bal_accuracy,binary,0.6543150087846585,50,0.013659301169850147,Model18,svm-rbf-wv
0.004558387229289181,3.4909164818433254e-4,0,f_meas,binary,0.3400815835529266,50,0.02062102185008768,Model18,svm-rbf-wv
0.004558387229289181,3.4909164818433254e-4,0,kap,binary,0.2967263885082652,50,0.020047803309500064,Model18,svm-rbf-wv
0.004558387229289181,3.4909164818433254e-4,0,npv,binary,0.9504522146379992,50,0.0023612769205762635,Model18,svm-rbf-wv
0.004558387229289181,3.4909164818433254e-4,0,ppv,binary,0.3762292300314223,50,0.01918213445993057,Model18,svm-rbf-wv
0.004558387229289181,3.4909164818433254e-4,0,precision,binary,0.3762292300314223,50,0.01918213445993057,Model18,svm-rbf-wv
0.004558387229289181,3.4909164818433254e-4,0,recall,binary,0.3542169340414512,50,0.03110986300205154,Model18,svm-rbf-wv
0.004558387229289181,3.4909164818433254e-4,0,roc_auc,binary,0.8944291285461236,50,0.004676934486350513,Model18,svm-rbf-wv
0.0017507920968666798,2.1191792013349002e-7,0,bal_accuracy,binary,0.517809649850464,50,0.0037559863432282408,Model19,svm-rbf-wv
0.0017507920968666798,2.1191792013349002e-7,0,f_meas,binary,0.07893902733723326,44,0.01335195375161381,Model19,svm-rbf-wv
0.0017507920968666798,2.1191792013349002e-7,0,kap,binary,0.05612788981084713,50,0.011666071886310189,Model19,svm-rbf-wv
0.0017507920968666798,2.1191792013349002e-7,0,npv,binary,0.9292650545711572,50,0.0018658990496527058,Model19,svm-rbf-wv
0.0017507920968666798,2.1191792013349002e-7,0,ppv,binary,0.3001893939393939,44,0.05024932597858643,Model19,svm-rbf-wv
0.0017507920968666798,2.1191792013349002e-7,0,precision,binary,0.3001893939393939,44,0.05024932597858642,Model19,svm-rbf-wv
0.0017507920968666798,2.1191792013349002e-7,0,recall,binary,0.04164800272490406,50,0.007613869306897743,Model19,svm-rbf-wv
0.0017507920968666798,2.1191792013349002e-7,0,roc_auc,binary,0.4139635222887607,50,0.049923478430909086,Model19,svm-rbf-wv
0.11920475119905392,1.751348145439428e-8,0,bal_accuracy,binary,0.517809649850464,50,0.0037559863432282408,Model20,svm-rbf-wv
0.11920475119905392,1.751348145439428e-8,0,f_meas,binary,0.07893902733723326,44,0.01335195375161381,Model20,svm-rbf-wv
0.11920475119905392,1.751348145439428e-8,0,kap,binary,0.05612788981084713,50,0.011666071886310189,Model20,svm-rbf-wv
0.11920475119905392,1.751348145439428e-8,0,npv,binary,0.9292650545711572,50,0.0018658990496527058,Model20,svm-rbf-wv
0.11920475119905392,1.751348145439428e-8,0,ppv,binary,0.3001893939393939,44,0.05024932597858643,Model20,svm-rbf-wv
0.11920475119905392,1.751348145439428e-8,0,precision,binary,0.3001893939393939,44,0.05024932597858642,Model20,svm-rbf-wv
0.11920475119905392,1.751348145439428e-8,0,recall,binary,0.04164800272490406,50,0.007613869306897743,Model20,svm-rbf-wv
0.11920475119905392,1.751348145439428e-8,0,roc_auc,binary,0.41397298383798015,50,0.04991748901007487,Model20,svm-rbf-wv
0.30176665944702497,1.3226150146251147e-5,0,bal_accuracy,binary,0.5256436455736221,50,0.003856587321850542,Model21,svm-rbf-wv
0.30176665944702497,1.3226150146251147e-5,0,f_meas,binary,0.10046049741320294,49,0.012154040283041446,Model21,svm-rbf-wv
0.30176665944702497,1.3226150146251147e-5,0,kap,binary,0.07963287933357828,50,0.011685740492375722,Model21,svm-rbf-wv
0.30176665944702497,1.3226150146251147e-5,0,npv,binary,0.9303855877479745,50,0.0018185175387935828,Model21,svm-rbf-wv
0.30176665944702497,1.3226150146251147e-5,0,ppv,binary,0.33802235179786194,49,0.041523923782350945,Model21,svm-rbf-wv
0.30176665944702497,1.3226150146251147e-5,0,precision,binary,0.338022351797862,49,0.041523923782350966,Model21,svm-rbf-wv
0.30176665944702497,1.3226150146251147e-5,0,recall,binary,0.06011575264947557,50,0.007716347654321891,Model21,svm-rbf-wv
0.30176665944702497,1.3226150146251147e-5,0,roc_auc,binary,0.8723354370816914,50,0.005952173174838164,Model21,svm-rbf-wv
0.010409447270828983,0.05333980261134037,0,bal_accuracy,binary,0.6930322342367718,50,0.00821836756265246,Model22,svm-rbf-wv
0.010409447270828983,0.05333980261134037,0,f_meas,binary,0.42235191067215583,50,0.012125439516931279,Model22,svm-rbf-wv
0.010409447270828983,0.05333980261134037,0,kap,binary,0.3779321063236883,50,0.012898465666819918,Model22,svm-rbf-wv
0.010409447270828983,0.05333980261134037,0,npv,binary,0.9545739141074445,50,0.001984374365342975,Model22,svm-rbf-wv
0.010409447270828983,0.05333980261134037,0,ppv,binary,0.4309512876778626,50,0.01359339143725482,Model22,svm-rbf-wv
0.010409447270828983,0.05333980261134037,0,precision,binary,0.43095128767786256,50,0.013593391437254822,Model22,svm-rbf-wv
0.010409447270828983,0.05333980261134037,0,recall,binary,0.4311276824107625,50,0.016702677866122572,Model22,svm-rbf-wv
0.010409447270828983,0.05333980261134037,0,roc_auc,binary,0.8581207103887165,50,0.005464764959986422,Model22,svm-rbf-wv
0.001540446019212442,1.154908420782768e-6,0,bal_accuracy,binary,0.517666896963542,50,0.003741789262435287,Model23,svm-rbf-wv
0.001540446019212442,1.154908420782768e-6,0,f_meas,binary,0.07845153656182652,44,0.013177719722987044,Model23,svm-rbf-wv
0.001540446019212442,1.154908420782768e-6,0,kap,binary,0.055322121948583665,50,0.011490403608788235,Model23,svm-rbf-wv
0.001540446019212442,1.154908420782768e-6,0,npv,binary,0.9292476553001102,50,0.0018653964878164518,Model23,svm-rbf-wv
0.001540446019212442,1.154908420782768e-6,0,ppv,binary,0.28503787878787873,44,0.04716970299272142,Model23,svm-rbf-wv
0.001540446019212442,1.154908420782768e-6,0,precision,binary,0.2850378787878788,44,0.04716970299272142,Model23,svm-rbf-wv
0.001540446019212442,1.154908420782768e-6,0,recall,binary,0.04164800272490406,50,0.007613869306897743,Model23,svm-rbf-wv
0.001540446019212442,1.154908420782768e-6,0,roc_auc,binary,0.4138869928463094,50,0.049951675043949845,Model23,svm-rbf-wv
0.005707571654992255,0.0014311397921486877,0,bal_accuracy,binary,0.7706980582446493,50,0.006843909617346803,Model24,svm-rbf-wv
0.005707571654992255,0.0014311397921486877,0,f_meas,binary,0.2747916773787824,50,0.008912792065052522,Model24,svm-rbf-wv
0.005707571654992255,0.0014311397921486877,0,kap,binary,0.17152885643463653,50,0.009586857992359657,Model24,svm-rbf-wv
0.005707571654992255,0.0014311397921486877,0,npv,binary,0.9929769415406436,50,5.831455357729702e-4,Model24,svm-rbf-wv
0.005707571654992255,0.0014311397921486877,0,ppv,binary,0.16246101003717361,50,0.006328270655439235,Model24,svm-rbf-wv
0.005707571654992255,0.0014311397921486877,0,precision,binary,0.16246101003717361,50,0.006328270655439234,Model24,svm-rbf-wv
0.005707571654992255,0.0014311397921486877,0,recall,binary,0.9458031339768279,50,0.005098800627693486,Model24,svm-rbf-wv
0.005707571654992255,0.0014311397921486877,0,roc_auc,binary,0.905140311989562,50,0.0036707715579486766,Model24,svm-rbf-wv
0.44357187852984253,1.6177292738067786e-5,0,bal_accuracy,binary,0.6054850705433814,50,0.008144513415602824,Model25,svm-rbf-wv
0.44357187852984253,1.6177292738067786e-5,0,f_meas,binary,0.29521706304128775,50,0.017522205560573365,Model25,svm-rbf-wv
0.44357187852984253,1.6177292738067786e-5,0,kap,binary,0.26046100396386784,50,0.01734876607817762,Model25,svm-rbf-wv
0.44357187852984253,1.6177292738067786e-5,0,npv,binary,0.9418668937459486,50,0.0018076155936772784,Model25,svm-rbf-wv
0.44357187852984253,1.6177292738067786e-5,0,ppv,binary,0.4412152255209531,50,0.023853822892120347,Model25,svm-rbf-wv
0.44357187852984253,1.6177292738067786e-5,0,precision,binary,0.44121522552095305,50,0.023853822892120336,Model25,svm-rbf-wv
0.44357187852984253,1.6177292738067786e-5,0,recall,binary,0.23365546452550529,50,0.016768524601569204,Model25,svm-rbf-wv
0.44357187852984253,1.6177292738067786e-5,0,roc_auc,binary,0.9015583327073603,50,0.0038961311681809116,Model25,svm-rbf-wv
9.889304526831113e-4,5.220089731009548e-10,2,bal_accuracy,binary,0.5176302928624008,50,0.0037598381083229744,Model1,svm-rbf-wv
9.889304526831113e-4,5.220089731009548e-10,2,f_meas,binary,0.07867100089196277,44,0.013333222436939862,Model1,svm-rbf-wv
9.889304526831113e-4,5.220089731009548e-10,2,kap,binary,0.05538055067705894,50,0.01166263593511929,Model1,svm-rbf-wv
9.889304526831113e-4,5.220089731009548e-10,2,npv,binary,0.9292409232651477,50,0.0018665208436296136,Model1,svm-rbf-wv
9.889304526831113e-4,5.220089731009548e-10,2,ppv,binary,0.28579545454545446,44,0.047652013369740565,Model1,svm-rbf-wv
9.889304526831113e-4,5.220089731009548e-10,2,precision,binary,0.2857954545454545,44,0.047652013369740565,Model1,svm-rbf-wv
9.889304526831113e-4,5.220089731009548e-10,2,recall,binary,0.04164800272490406,50,0.007613869306897743,Model1,svm-rbf-wv
9.889304526831113e-4,5.220089731009548e-10,2,roc_auc,binary,0.41397531484031114,50,0.04991728337019524,Model1,svm-rbf-wv
9.896886414135007e-4,2.3527333429431916e-5,38,bal_accuracy,binary,0.5230604956789942,50,0.004023987706083064,Model1,svm-rbf-wv
9.896886414135007e-4,2.3527333429431916e-5,38,f_meas,binary,0.0962960088473138,46,0.013272444016233426,Model1,svm-rbf-wv
9.896886414135007e-4,2.3527333429431916e-5,38,kap,binary,0.07139849429110702,50,0.01218637945042171,Model1,svm-rbf-wv
9.896886414135007e-4,2.3527333429431916e-5,38,npv,binary,0.9300606265971955,50,0.0018062809943767426,Model1,svm-rbf-wv
9.896886414135007e-4,2.3527333429431916e-5,38,ppv,binary,0.3234730848861283,46,0.04434504472753979,Model1,svm-rbf-wv
9.896886414135007e-4,2.3527333429431916e-5,38,precision,binary,0.32347308488612836,46,0.04434504472753981,Model1,svm-rbf-wv
9.896886414135007e-4,2.3527333429431916e-5,38,recall,binary,0.054163103849000686,50,0.00812971680928691,Model1,svm-rbf-wv
9.896886414135007e-4,2.3527333429431916e-5,38,roc_auc,binary,0.8603275855655462,50,0.0075682844894323625,Model1,svm-rbf-wv
9.95473275258623e-4,5.775638888387507e-9,34,bal_accuracy,binary,0.517809649850464,50,0.0037559863432282408,Model1,svm-rbf-wv
9.95473275258623e-4,5.775638888387507e-9,34,f_meas,binary,0.07893902733723326,44,0.01335195375161381,Model1,svm-rbf-wv
9.95473275258623e-4,5.775638888387507e-9,34,kap,binary,0.05612788981084713,50,0.011666071886310189,Model1,svm-rbf-wv
9.95473275258623e-4,5.775638888387507e-9,34,npv,binary,0.9292650545711572,50,0.0018658990496527058,Model1,svm-rbf-wv
9.95473275258623e-4,5.775638888387507e-9,34,ppv,binary,0.3001893939393939,44,0.05024932597858643,Model1,svm-rbf-wv
9.95473275258623e-4,5.775638888387507e-9,34,precision,binary,0.3001893939393939,44,0.05024932597858642,Model1,svm-rbf-wv
9.95473275258623e-4,5.775638888387507e-9,34,recall,binary,0.04164800272490406,50,0.007613869306897743,Model1,svm-rbf-wv
9.95473275258623e-4,5.775638888387507e-9,34,roc_auc,binary,0.41397298383798015,50,0.04991748901007487,Model1,svm-rbf-wv
0.0010007022199528437,3.566665139786841e-8,22,bal_accuracy,binary,0.517809649850464,50,0.0037559863432282408,Model1,svm-rbf-wv
0.0010007022199528437,3.566665139786841e-8,22,f_meas,binary,0.07893902733723326,44,0.01335195375161381,Model1,svm-rbf-wv
0.0010007022199528437,3.566665139786841e-8,22,kap,binary,0.05612788981084713,50,0.011666071886310189,Model1,svm-rbf-wv
0.0010007022199528437,3.566665139786841e-8,22,npv,binary,0.9292650545711572,50,0.0018658990496527058,Model1,svm-rbf-wv
0.0010007022199528437,3.566665139786841e-8,22,ppv,binary,0.3001893939393939,44,0.05024932597858643,Model1,svm-rbf-wv
0.0010007022199528437,3.566665139786841e-8,22,precision,binary,0.3001893939393939,44,0.05024932597858642,Model1,svm-rbf-wv
0.0010007022199528437,3.566665139786841e-8,22,recall,binary,0.04164800272490406,50,0.007613869306897743,Model1,svm-rbf-wv
0.0010007022199528437,3.566665139786841e-8,22,roc_auc,binary,0.4139747896430885,50,0.04991908689351967,Model1,svm-rbf-wv
0.0010086121240159276,1.254171934239256e-4,31,bal_accuracy,binary,0.5587279938856446,31,0.013314146537254976,Model1,svm-rbf-wv
0.0010086121240159276,1.254171934239256e-4,31,f_meas,binary,0.174363253750076,31,0.02822642373526106,Model1,svm-rbf-wv
0.0010086121240159276,1.254171934239256e-4,31,kap,binary,0.14578778909605314,31,0.027579994011264933,Model1,svm-rbf-wv
0.0010086121240159276,1.254171934239256e-4,31,npv,binary,0.9352012817981443,31,0.0028408822283905576,Model1,svm-rbf-wv
0.0010086121240159276,1.254171934239256e-4,31,ppv,binary,0.3251836166097628,31,0.04016795232210962,Model1,svm-rbf-wv
0.0010086121240159276,1.254171934239256e-4,31,precision,binary,0.32518361660976264,31,0.040167952322109596,Model1,svm-rbf-wv
0.0010086121240159276,1.254171934239256e-4,31,recall,binary,0.13517229253222274,31,0.027583737120431603,Model1,svm-rbf-wv
0.0010086121240159276,1.254171934239256e-4,31,roc_auc,binary,0.8711378269804321,31,0.00845932531822622,Model1,svm-rbf-wv
0.0010223731927938642,0.0017360529700837515,40,bal_accuracy,binary,0.7501795204570744,50,0.006693692570400554,Model1,svm-rbf-wv
0.0010223731927938642,0.0017360529700837515,40,f_meas,binary,0.2516234151888392,50,0.007496092742935001,Model1,svm-rbf-wv
0.0010223731927938642,0.0017360529700837515,40,kap,binary,0.14335464719983135,50,0.007466310095093786,Model1,svm-rbf-wv
0.0010223731927938642,0.0017360529700837515,40,npv,binary,0.9930100767880468,50,8.344379109070756e-4,Model1,svm-rbf-wv
0.0010223731927938642,0.0017360529700837515,40,ppv,binary,0.14596841316715845,50,0.005055747221572354,Model1,svm-rbf-wv
0.0010223731927938642,0.0017360529700837515,40,precision,binary,0.14596841316715845,50,0.005055747221572354,Model1,svm-rbf-wv
0.0010223731927938642,0.0017360529700837515,40,recall,binary,0.951515657727587,50,0.006175236325450267,Model1,svm-rbf-wv
0.0010223731927938642,0.0017360529700837515,40,roc_auc,binary,0.9007786402200095,50,0.004244586317861683,Model1,svm-rbf-wv
0.0011202479385026476,1.0794545060142172e-10,33,bal_accuracy,binary,0.5329701220343555,50,0.0065945333112511694,Model1,svm-rbf-wv
0.0011202479385026476,1.0794545060142172e-10,33,f_meas,binary,0.12048810257827378,47,0.017156612943238482,Model1,svm-rbf-wv
0.0011202479385026476,1.0794545060142172e-10,33,kap,binary,0.09258733116739024,50,0.0159348396990281,Model1,svm-rbf-wv
0.0011202479385026476,1.0794545060142172e-10,33,npv,binary,0.9314340037822074,50,0.001926819035863116,Model1,svm-rbf-wv
0.0011202479385026476,1.0794545060142172e-10,33,ppv,binary,0.3193884130054343,47,0.037669162475815615,Model1,svm-rbf-wv
0.0011202479385026476,1.0794545060142172e-10,33,precision,binary,0.3193884130054343,47,0.037669162475815615,Model1,svm-rbf-wv
0.0011202479385026476,1.0794545060142172e-10,33,recall,binary,0.07670197159497572,50,0.013637749565827506,Model1,svm-rbf-wv
0.0011202479385026476,1.0794545060142172e-10,33,roc_auc,binary,0.27917938961533484,50,0.025424524465886077,Model1,svm-rbf-wv
0.001143829935393905,7.848084583122532e-7,21,bal_accuracy,binary,0.5177027392574487,50,0.0037425997461070634,Model1,svm-rbf-wv
0.001143829935393905,7.848084583122532e-7,21,f_meas,binary,0.07853388175286735,44,0.01317868639709975,Model1,svm-rbf-wv
0.001143829935393905,7.848084583122532e-7,21,kap,binary,0.05550386781580683,50,0.011497231957792137,Model1,svm-rbf-wv
0.001143829935393905,7.848084583122532e-7,21,npv,binary,0.9292523375743577,50,0.0018654289108005087,Model1,svm-rbf-wv
0.001143829935393905,7.848084583122532e-7,21,ppv,binary,0.29640151515151514,44,0.04967624638559038,Model1,svm-rbf-wv
0.001143829935393905,7.848084583122532e-7,21,precision,binary,0.29640151515151514,44,0.04967624638559037,Model1,svm-rbf-wv
0.001143829935393905,7.848084583122532e-7,21,recall,binary,0.04164800272490406,50,0.007613869306897743,Model1,svm-rbf-wv
0.001143829935393905,7.848084583122532e-7,21,roc_auc,binary,0.41392179122231965,50,0.049939858264792,Model1,svm-rbf-wv
0.001157917549654582,0.0073432260506410075,29,bal_accuracy,binary,0.7518235601347161,50,0.006979177179002656,Model1,svm-rbf-wv
0.001157917549654582,0.0073432260506410075,29,f_meas,binary,0.2877063158183365,50,0.007713172981225743,Model1,svm-rbf-wv
0.001157917549654582,0.0073432260506410075,29,kap,binary,0.19160516703508523,50,0.0075129324315189195,Model1,svm-rbf-wv
0.001157917549654582,0.0073432260506410075,29,npv,binary,0.9779042435535532,50,0.0015249049603697814,Model1,svm-rbf-wv
0.001157917549654582,0.0073432260506410075,29,ppv,binary,0.17661858935280828,50,0.005484237683077847,Model1,svm-rbf-wv
0.001157917549654582,0.0073432260506410075,29,precision,binary,0.17661858935280828,50,0.005484237683077847,Model1,svm-rbf-wv
0.001157917549654582,0.0073432260506410075,29,recall,binary,0.8008822890745986,50,0.012420070297782838,Model1,svm-rbf-wv
0.001157917549654582,0.0073432260506410075,29,roc_auc,binary,0.839577974956775,50,0.007844561219259716,Model1,svm-rbf-wv
0.0015311489540098273,4.699671588144928e-6,28,bal_accuracy,binary,0.5179224841820788,50,0.0037168151910075787,Model1,svm-rbf-wv
0.0015311489540098273,4.699671588144928e-6,28,f_meas,binary,0.07806188050535175,45,0.012824922605873432,Model1,svm-rbf-wv
0.0015311489540098273,4.699671588144928e-6,28,kap,binary,0.05605065867141378,50,0.01136937709839696,Model1,svm-rbf-wv
0.0015311489540098273,4.699671588144928e-6,28,npv,binary,0.9292887690871382,50,0.001859067782858803,Model1,svm-rbf-wv
0.0015311489540098273,4.699671588144928e-6,28,ppv,binary,0.29240740740740734,45,0.04712543722629846,Model1,svm-rbf-wv
0.0015311489540098273,4.699671588144928e-6,28,precision,binary,0.2924074074074074,45,0.04712543722629846,Model1,svm-rbf-wv
0.0015311489540098273,4.699671588144928e-6,28,recall,binary,0.04244800272490406,50,0.007566443751173038,Model1,svm-rbf-wv
0.0015311489540098273,4.699671588144928e-6,28,roc_auc,binary,0.41381552743246136,50,0.05005564859250417,Model1,svm-rbf-wv
0.0021494259390911603,0.8171585815785722,6,bal_accuracy,binary,0.5004166666666666,50,4.166666666666674e-4,Model1,svm-rbf-wv
0.0021494259390911603,0.8171585815785722,6,f_meas,binary,0.07999999999999999,1,NA,Model1,svm-rbf-wv
0.0021494259390911603,0.8171585815785722,6,kap,binary,0.0014818777584593274,50,0.0014818777584593274,Model1,svm-rbf-wv
0.0021494259390911603,0.8171585815785722,6,npv,binary,0.9268708748615725,50,0.001873956801756583,Model1,svm-rbf-wv
0.0021494259390911603,0.8171585815785722,6,ppv,binary,1,1,NA,Model1,svm-rbf-wv
0.0021494259390911603,0.8171585815785722,6,precision,binary,1,1,NA,Model1,svm-rbf-wv
0.0021494259390911603,0.8171585815785722,6,recall,binary,8.333333333333333e-4,50,8.333333333333332e-4,Model1,svm-rbf-wv
0.0021494259390911603,0.8171585815785722,6,roc_auc,binary,0.8295312937220726,50,0.006930286789986125,Model1,svm-rbf-wv
0.0033015189535285875,0.040839498761882656,19,bal_accuracy,binary,0.6592615204139418,50,0.009384971954611137,Model1,svm-rbf-wv
0.0033015189535285875,0.040839498761882656,19,f_meas,binary,0.37848469692570746,50,0.015439957982910407,Model1,svm-rbf-wv
0.0033015189535285875,0.040839498761882656,19,kap,binary,0.33627680701785956,50,0.016193660110853433,Model1,svm-rbf-wv
0.0033015189535285875,0.040839498761882656,19,npv,binary,0.9492960810839574,50,0.0022245163671102434,Model1,svm-rbf-wv
0.0033015189535285875,0.040839498761882656,19,ppv,binary,0.42984240341004376,50,0.016617836251841694,Model1,svm-rbf-wv
0.0033015189535285875,0.040839498761882656,19,precision,binary,0.42984240341004376,50,0.016617836251841697,Model1,svm-rbf-wv
0.0033015189535285875,0.040839498761882656,19,recall,binary,0.3555532059691131,50,0.019035816261743086,Model1,svm-rbf-wv
0.0033015189535285875,0.040839498761882656,19,roc_auc,binary,0.8130534190718791,50,0.0074037262358834155,Model1,svm-rbf-wv
0.0036733099057813185,7.457844749432897e-8,20,bal_accuracy,binary,0.517809649850464,50,0.0037559863432282408,Model1,svm-rbf-wv
0.0036733099057813185,7.457844749432897e-8,20,f_meas,binary,0.07893902733723326,44,0.01335195375161381,Model1,svm-rbf-wv
0.0036733099057813185,7.457844749432897e-8,20,kap,binary,0.05612788981084713,50,0.011666071886310189,Model1,svm-rbf-wv
0.0036733099057813185,7.457844749432897e-8,20,npv,binary,0.9292650545711572,50,0.0018658990496527058,Model1,svm-rbf-wv
0.0036733099057813185,7.457844749432897e-8,20,ppv,binary,0.3001893939393939,44,0.05024932597858643,Model1,svm-rbf-wv
0.0036733099057813185,7.457844749432897e-8,20,precision,binary,0.3001893939393939,44,0.05024932597858642,Model1,svm-rbf-wv
0.0036733099057813185,7.457844749432897e-8,20,recall,binary,0.04164800272490406,50,0.007613869306897743,Model1,svm-rbf-wv
0.0036733099057813185,7.457844749432897e-8,20,roc_auc,binary,0.41396562119909264,50,0.04992070468556995,Model1,svm-rbf-wv
0.0037414649472716274,6.933578556842262e-4,9,bal_accuracy,binary,0.7735214069233137,50,0.011039962891186984,Model1,svm-rbf-wv
0.0037414649472716274,6.933578556842262e-4,9,f_meas,binary,0.40458076535795773,50,0.012976179848542947,Model1,svm-rbf-wv
0.0037414649472716274,6.933578556842262e-4,9,kap,binary,0.33918044295910627,50,0.014026664876270405,Model1,svm-rbf-wv
0.0037414649472716274,6.933578556842262e-4,9,npv,binary,0.9745217806058343,50,0.002184442787347007,Model1,svm-rbf-wv
0.0037414649472716274,6.933578556842262e-4,9,ppv,binary,0.30770769511959983,50,0.012863549974399542,Model1,svm-rbf-wv
0.0037414649472716274,6.933578556842262e-4,9,precision,binary,0.3077076951195998,50,0.012863549974399535,Model1,svm-rbf-wv
0.0037414649472716274,6.933578556842262e-4,9,recall,binary,0.6907430004075067,50,0.030222593260972194,Model1,svm-rbf-wv
0.0037414649472716274,6.933578556842262e-4,9,roc_auc,binary,0.9054911387707241,50,0.0034466384700918284,Model1,svm-rbf-wv
0.0062819655410412826,1.7446360049252247e-7,4,bal_accuracy,binary,0.517809649850464,50,0.0037559863432282408,Model1,svm-rbf-wv
0.0062819655410412826,1.7446360049252247e-7,4,f_meas,binary,0.07893902733723326,44,0.01335195375161381,Model1,svm-rbf-wv
0.0062819655410412826,1.7446360049252247e-7,4,kap,binary,0.05612788981084713,50,0.011666071886310189,Model1,svm-rbf-wv
0.0062819655410412826,1.7446360049252247e-7,4,npv,binary,0.9292650545711572,50,0.0018658990496527058,Model1,svm-rbf-wv
0.0062819655410412826,1.7446360049252247e-7,4,ppv,binary,0.3001893939393939,44,0.05024932597858643,Model1,svm-rbf-wv
0.0062819655410412826,1.7446360049252247e-7,4,precision,binary,0.3001893939393939,44,0.05024932597858642,Model1,svm-rbf-wv
0.0062819655410412826,1.7446360049252247e-7,4,recall,binary,0.04164800272490406,50,0.007613869306897743,Model1,svm-rbf-wv
0.0062819655410412826,1.7446360049252247e-7,4,roc_auc,binary,0.41395478210332076,50,0.04992200764726535,Model1,svm-rbf-wv
0.006387384181178012,3.718635034315511e-5,8,bal_accuracy,binary,0.527443481239296,50,0.00445933368488424,Model1,svm-rbf-wv
0.006387384181178012,3.718635034315511e-5,8,f_meas,binary,0.10884264316845096,47,0.013916086186008496,Model1,svm-rbf-wv
0.006387384181178012,3.718635034315511e-5,8,kap,binary,0.08316306297009814,50,0.012979994605427638,Model1,svm-rbf-wv
0.006387384181178012,3.718635034315511e-5,8,npv,binary,0.93067842685786,50,0.0018064794723324502,Model1,svm-rbf-wv
0.006387384181178012,3.718635034315511e-5,8,ppv,binary,0.33858493752110763,47,0.041740846041245415,Model1,svm-rbf-wv
0.006387384181178012,3.718635034315511e-5,8,precision,binary,0.33858493752110774,47,0.041740846041245436,Model1,svm-rbf-wv
0.006387384181178012,3.718635034315511e-5,8,recall,binary,0.06407837042385806,50,0.009060212326684625,Model1,svm-rbf-wv
0.006387384181178012,3.718635034315511e-5,8,roc_auc,binary,0.8627368452882382,50,0.007391892739957772,Model1,svm-rbf-wv
0.006795668073850341,0.24533394941902528,41,bal_accuracy,binary,0.5341421336770994,50,0.003711393479378792,Model1,svm-rbf-wv
0.006795668073850341,0.24533394941902528,41,f_meas,binary,0.13232380214865508,47,0.012143113941222713,Model1,svm-rbf-wv
0.006795668073850341,0.24533394941902528,41,kap,binary,0.11245613656732109,50,0.011726719027460683,Model1,svm-rbf-wv
0.006795668073850341,0.24533394941902528,41,npv,binary,0.9315215362057535,50,0.0017961405924092557,Model1,svm-rbf-wv
0.006795668073850341,0.24533394941902528,41,ppv,binary,0.6563829787234042,47,0.050685386712769426,Model1,svm-rbf-wv
0.006795668073850341,0.24533394941902528,41,precision,binary,0.6563829787234042,47,0.050685386712769426,Model1,svm-rbf-wv
0.006795668073850341,0.24533394941902528,41,recall,binary,0.07122122554964377,50,0.007420906432437217,Model1,svm-rbf-wv
0.006795668073850341,0.24533394941902528,41,roc_auc,binary,0.8456638437306487,50,0.005724444212717866,Model1,svm-rbf-wv
0.0069796862678771394,0.029298145492401294,12,bal_accuracy,binary,0.7304319993684293,50,0.007157120331199552,Model1,svm-rbf-wv
0.0069796862678771394,0.029298145492401294,12,f_meas,binary,0.45424288371516497,50,0.009734870843690579,Model1,svm-rbf-wv
0.0069796862678771394,0.029298145492401294,12,kap,binary,0.4069601189803053,50,0.010294947229942404,Model1,svm-rbf-wv
0.0069796862678771394,0.029298145492401294,12,npv,binary,0.9608867815164097,50,0.001663402160836094,Model1,svm-rbf-wv
0.0069796862678771394,0.029298145492401294,12,ppv,binary,0.41545866048805424,50,0.011596969432318823,Model1,svm-rbf-wv
0.0069796862678771394,0.029298145492401294,12,precision,binary,0.41545866048805424,50,0.011596969432318823,Model1,svm-rbf-wv
0.0069796862678771394,0.029298145492401294,12,recall,binary,0.5186928337708061,50,0.014768750489650699,Model1,svm-rbf-wv
0.0069796862678771394,0.029298145492401294,12,roc_auc,binary,0.8384610127754701,50,0.007466885924592867,Model1,svm-rbf-wv
0.008177408530753346,3.872304201568305e-5,18,bal_accuracy,binary,0.527373182252392,50,0.004445847029848435,Model1,svm-rbf-wv
0.008177408530753346,3.872304201568305e-5,18,f_meas,binary,0.10848803323937295,47,0.013749080937565602,Model1,svm-rbf-wv
0.008177408530753346,3.872304201568305e-5,18,kap,binary,0.08267478939589006,50,0.0128099810463859,Model1,svm-rbf-wv
0.008177408530753346,3.872304201568305e-5,18,npv,binary,0.9306720493708426,50,0.0018049457727654975,Model1,svm-rbf-wv
0.008177408530753346,3.872304201568305e-5,18,ppv,binary,0.3366852414724754,47,0.04141105996206679,Model1,svm-rbf-wv
0.008177408530753346,3.872304201568305e-5,18,precision,binary,0.3366852414724755,47,0.0414110599620668,Model1,svm-rbf-wv
0.008177408530753346,3.872304201568305e-5,18,recall,binary,0.06407837042385806,50,0.009060212326684625,Model1,svm-rbf-wv
0.008177408530753346,3.872304201568305e-5,18,roc_auc,binary,0.8629625472619623,50,0.007381960009087622,Model1,svm-rbf-wv
0.008557353516818344,0.9219906730720521,36,bal_accuracy,binary,0.5,50,0,Model1,svm-rbf-wv
0.008557353516818344,0.9219906730720521,36,f_meas,binary,NaN,0,NA,Model1,svm-rbf-wv
0.008557353516818344,0.9219906730720521,36,kap,binary,0,50,0,Model1,svm-rbf-wv
0.008557353516818344,0.9219906730720521,36,npv,binary,0.9268095238095239,50,0.0018773216269748758,Model1,svm-rbf-wv
0.008557353516818344,0.9219906730720521,36,ppv,binary,NaN,0,NA,Model1,svm-rbf-wv
0.008557353516818344,0.9219906730720521,36,precision,binary,NaN,0,NA,Model1,svm-rbf-wv
0.008557353516818344,0.9219906730720521,36,recall,binary,0,50,0,Model1,svm-rbf-wv
0.008557353516818344,0.9219906730720521,36,roc_auc,binary,0.8248497431914783,50,0.0071846338290215365,Model1,svm-rbf-wv
0.010778282246294549,3.16691841880151e-9,10,bal_accuracy,binary,0.517809649850464,50,0.0037559863432282408,Model1,svm-rbf-wv
0.010778282246294549,3.16691841880151e-9,10,f_meas,binary,0.07893902733723326,44,0.01335195375161381,Model1,svm-rbf-wv
0.010778282246294549,3.16691841880151e-9,10,kap,binary,0.05612788981084713,50,0.011666071886310189,Model1,svm-rbf-wv
0.010778282246294549,3.16691841880151e-9,10,npv,binary,0.9292650545711572,50,0.0018658990496527058,Model1,svm-rbf-wv
0.010778282246294549,3.16691841880151e-9,10,ppv,binary,0.3001893939393939,44,0.05024932597858643,Model1,svm-rbf-wv
0.010778282246294549,3.16691841880151e-9,10,precision,binary,0.3001893939393939,44,0.05024932597858642,Model1,svm-rbf-wv
0.010778282246294549,3.16691841880151e-9,10,recall,binary,0.04164800272490406,50,0.007613869306897743,Model1,svm-rbf-wv
0.010778282246294549,3.16691841880151e-9,10,roc_auc,binary,0.41397298383798015,50,0.04991748901007487,Model1,svm-rbf-wv
0.011222077453313588,0.011040258861564975,17,bal_accuracy,binary,0.79782348090629,50,0.006141701217499648,Model1,svm-rbf-wv
0.011222077453313588,0.011040258861564975,17,f_meas,binary,0.47515678404899664,50,0.009427519804059413,Model1,svm-rbf-wv
0.011222077453313588,0.011040258861564975,17,kap,binary,0.42086246637801805,50,0.00978927783243068,Model1,svm-rbf-wv
0.011222077453313588,0.011040258861564975,17,npv,binary,0.9735436051913192,50,0.001357530851093822,Model1,svm-rbf-wv
0.011222077453313588,0.011040258861564975,17,ppv,binary,0.36831385242086767,50,0.009981435907023663,Model1,svm-rbf-wv
0.011222077453313588,0.011040258861564975,17,precision,binary,0.36831385242086767,50,0.009981435907023663,Model1,svm-rbf-wv
0.011222077453313588,0.011040258861564975,17,recall,binary,0.6894742823459962,50,0.012887144082585802,Model1,svm-rbf-wv
0.011222077453313588,0.011040258861564975,17,roc_auc,binary,0.8760796588099639,50,0.006690311078052444,Model1,svm-rbf-wv
0.012272697529548661,8.240643177111372e-6,24,bal_accuracy,binary,0.5178954662860568,27,0.005449044602923491,Model1,svm-rbf-wv
0.012272697529548661,8.240643177111372e-6,24,f_meas,binary,0.07494590863169859,25,0.01804419970761528,Model1,svm-rbf-wv
0.012272697529548661,8.240643177111372e-6,24,kap,binary,0.055806950201465075,27,0.016372943874659072,Model1,svm-rbf-wv
0.012272697529548661,8.240643177111372e-6,24,npv,binary,0.9288803575534352,27,0.0028485948661483205,Model1,svm-rbf-wv
0.012272697529548661,8.240643177111372e-6,24,ppv,binary,0.29266666666666646,25,0.06549017455285151,Model1,svm-rbf-wv
0.012272697529548661,8.240643177111372e-6,24,precision,binary,0.2926666666666667,25,0.06549017455285153,Model1,svm-rbf-wv
0.012272697529548661,8.240643177111372e-6,24,recall,binary,0.042053243209298305,27,0.01102333674164476,Model1,svm-rbf-wv
0.012272697529548661,8.240643177111372e-6,24,roc_auc,binary,0.8579328482722693,27,0.010699072064117627,Model1,svm-rbf-wv
0.03735457480843414,0.9547582512733024,3,bal_accuracy,binary,0.5,50,0,Model1,svm-rbf-wv
0.03735457480843414,0.9547582512733024,3,f_meas,binary,NaN,0,NA,Model1,svm-rbf-wv
0.03735457480843414,0.9547582512733024,3,kap,binary,0,50,0,Model1,svm-rbf-wv
0.03735457480843414,0.9547582512733024,3,npv,binary,0.9268095238095239,50,0.0018773216269748758,Model1,svm-rbf-wv
0.03735457480843414,0.9547582512733024,3,ppv,binary,NaN,0,NA,Model1,svm-rbf-wv
0.03735457480843414,0.9547582512733024,3,precision,binary,NaN,0,NA,Model1,svm-rbf-wv
0.03735457480843414,0.9547582512733024,3,recall,binary,0,50,0,Model1,svm-rbf-wv
0.03735457480843414,0.9547582512733024,3,roc_auc,binary,0.8249543748876877,50,0.007303082227462337,Model1,svm-rbf-wv
0.039025618559530524,0.0035996977860805815,23,bal_accuracy,binary,0.8375139066063438,50,0.005700070955708168,Model1,svm-rbf-wv
0.039025618559530524,0.0035996977860805815,23,f_meas,binary,0.4734773733400849,50,0.009890673063579682,Model1,svm-rbf-wv
0.039025618559530524,0.0035996977860805815,23,kap,binary,0.4144879161811293,50,0.010115015034805165,Model1,svm-rbf-wv
0.039025618559530524,0.0035996977860805815,23,npv,binary,0.9820467892651228,50,0.001101408516366456,Model1,svm-rbf-wv
0.039025618559530524,0.0035996977860805815,23,ppv,binary,0.34048775954755134,50,0.009317328550416327,Model1,svm-rbf-wv
0.039025618559530524,0.0035996977860805815,23,precision,binary,0.34048775954755134,50,0.009317328550416322,Model1,svm-rbf-wv
0.039025618559530524,0.0035996977860805815,23,recall,binary,0.79732409020059,50,0.011313290560837548,Model1,svm-rbf-wv
0.039025618559530524,0.0035996977860805815,23,roc_auc,binary,0.9260438420686423,50,0.003521596588606464,Model1,svm-rbf-wv
0.04059244219529748,2.007734294510386e-6,15,bal_accuracy,binary,0.517666896963542,50,0.003741789262435287,Model1,svm-rbf-wv
0.04059244219529748,2.007734294510386e-6,15,f_meas,binary,0.07845153656182652,44,0.013177719722987044,Model1,svm-rbf-wv
0.04059244219529748,2.007734294510386e-6,15,kap,binary,0.055322121948583665,50,0.011490403608788235,Model1,svm-rbf-wv
0.04059244219529748,2.007734294510386e-6,15,npv,binary,0.9292476553001102,50,0.0018653964878164518,Model1,svm-rbf-wv
0.04059244219529748,2.007734294510386e-6,15,ppv,binary,0.28503787878787873,44,0.04716970299272142,Model1,svm-rbf-wv
0.04059244219529748,2.007734294510386e-6,15,precision,binary,0.2850378787878788,44,0.04716970299272142,Model1,svm-rbf-wv
0.04059244219529748,2.007734294510386e-6,15,recall,binary,0.04164800272490406,50,0.007613869306897743,Model1,svm-rbf-wv
0.04059244219529748,2.007734294510386e-6,15,roc_auc,binary,0.8560984930203498,50,0.007835813261109935,Model1,svm-rbf-wv
0.042045956617122536,1.0432564524173601e-10,5,bal_accuracy,binary,0.533730301323185,50,0.006995215375929216,Model1,svm-rbf-wv
0.042045956617122536,1.0432564524173601e-10,5,f_meas,binary,0.12355555037716956,46,0.01816448154475489,Model1,svm-rbf-wv
0.042045956617122536,1.0432564524173601e-10,5,kap,binary,0.09347880640916856,50,0.016540868620414224,Model1,svm-rbf-wv
0.042045956617122536,1.0432564524173601e-10,5,npv,binary,0.931639405561381,50,0.0019272678299450596,Model1,svm-rbf-wv
0.042045956617122536,1.0432564524173601e-10,5,ppv,binary,0.32299866799866805,46,0.040338506842092614,Model1,svm-rbf-wv
0.042045956617122536,1.0432564524173601e-10,5,precision,binary,0.322998667998668,46,0.04033850684209262,Model1,svm-rbf-wv
0.042045956617122536,1.0432564524173601e-10,5,recall,binary,0.07809251561370656,50,0.01465372097271621,Model1,svm-rbf-wv
0.042045956617122536,1.0432564524173601e-10,5,roc_auc,binary,0.41397298383798015,50,0.04991748901007487,Model1,svm-rbf-wv
0.04485096738330904,3.802148352452784e-7,13,bal_accuracy,binary,0.517774314161418,50,0.003759909119181576,Model1,svm-rbf-wv
0.04485096738330904,3.802148352452784e-7,13,f_meas,binary,0.07893902733723326,44,0.01335195375161381,Model1,svm-rbf-wv
0.04485096738330904,3.802148352452784e-7,13,kap,binary,0.05601248527430482,50,0.011679245459018505,Model1,svm-rbf-wv
0.04485096738330904,3.802148352452784e-7,13,npv,binary,0.9292610411932307,50,0.0018654320852980627,Model1,svm-rbf-wv
0.04485096738330904,3.802148352452784e-7,13,ppv,binary,0.3001893939393939,44,0.05024932597858643,Model1,svm-rbf-wv
0.04485096738330904,3.802148352452784e-7,13,precision,binary,0.3001893939393939,44,0.05024932597858642,Model1,svm-rbf-wv
0.04485096738330904,3.802148352452784e-7,13,recall,binary,0.04164800272490406,50,0.007613869306897743,Model1,svm-rbf-wv
0.04485096738330904,3.802148352452784e-7,13,roc_auc,binary,0.4139496462323155,50,0.04992845749250557,Model1,svm-rbf-wv
0.05384304900926796,0.0030954274347114842,7,bal_accuracy,binary,0.8372463972642349,50,0.0056107797608468055,Model1,svm-rbf-wv
0.05384304900926796,0.0030954274347114842,7,f_meas,binary,0.47539125947146604,50,0.009655302033628615,Model1,svm-rbf-wv
0.05384304900926796,0.0030954274347114842,7,kap,binary,0.41681324271072345,50,0.009837552659612371,Model1,svm-rbf-wv
0.05384304900926796,0.0030954274347114842,7,npv,binary,0.9818453374993545,50,0.001101028928461734,Model1,svm-rbf-wv
0.05384304900926796,0.0030954274347114842,7,ppv,binary,0.34283047685353957,50,0.009167644729001608,Model1,svm-rbf-wv
0.05384304900926796,0.0030954274347114842,7,precision,binary,0.34283047685353957,50,0.00916764472900161,Model1,svm-rbf-wv
0.05384304900926796,0.0030954274347114842,7,recall,binary,0.7949959221869731,50,0.01119743214109524,Model1,svm-rbf-wv
0.05384304900926796,0.0030954274347114842,7,roc_auc,binary,0.929072770416793,50,0.003222296470616947,Model1,svm-rbf-wv
0.0654679481348708,0.0035694075573741756,26,bal_accuracy,binary,0.8345497622065265,50,0.005876856470371334,Model1,svm-rbf-wv
0.0654679481348708,0.0035694075573741756,26,f_meas,binary,0.4820929094137781,50,0.010200833556279083,Model1,svm-rbf-wv
0.0654679481348708,0.0035694075573741756,26,kap,binary,0.42515040750058336,50,0.010490573127880964,Model1,svm-rbf-wv
0.0654679481348708,0.0035694075573741756,26,npv,binary,0.9809741270239677,50,0.0011548897949021871,Model1,svm-rbf-wv
0.0654679481348708,0.0035694075573741756,26,ppv,binary,0.35259386636488427,50,0.009902665404471128,Model1,svm-rbf-wv
0.0654679481348708,0.0035694075573741756,26,precision,binary,0.3525938663648843,50,0.009902665404471126,Model1,svm-rbf-wv
0.0654679481348708,0.0035694075573741756,26,recall,binary,0.7830559022046037,50,0.01175297915706192,Model1,svm-rbf-wv
0.0654679481348708,0.0035694075573741756,26,roc_auc,binary,0.9287362098182654,50,0.0032299239361557063,Model1,svm-rbf-wv
0.0773072690224237,3.7275680717621855e-9,37,bal_accuracy,binary,0.517809649850464,50,0.0037559863432282408,Model1,svm-rbf-wv
0.0773072690224237,3.7275680717621855e-9,37,f_meas,binary,0.07893902733723326,44,0.01335195375161381,Model1,svm-rbf-wv
0.0773072690224237,3.7275680717621855e-9,37,kap,binary,0.05612788981084713,50,0.011666071886310189,Model1,svm-rbf-wv
0.0773072690224237,3.7275680717621855e-9,37,npv,binary,0.9292650545711572,50,0.0018658990496527058,Model1,svm-rbf-wv
0.0773072690224237,3.7275680717621855e-9,37,ppv,binary,0.3001893939393939,44,0.05024932597858643,Model1,svm-rbf-wv
0.0773072690224237,3.7275680717621855e-9,37,precision,binary,0.3001893939393939,44,0.05024932597858642,Model1,svm-rbf-wv
0.0773072690224237,3.7275680717621855e-9,37,recall,binary,0.04164800272490406,50,0.007613869306897743,Model1,svm-rbf-wv
0.0773072690224237,3.7275680717621855e-9,37,roc_auc,binary,0.41397298383798015,50,0.04991748901007487,Model1,svm-rbf-wv
0.11644175375115022,4.581140045548625e-4,25,bal_accuracy,binary,0.8543063383346027,50,0.004644436427526067,Model1,svm-rbf-wv
0.11644175375115022,4.581140045548625e-4,25,f_meas,binary,0.4211692515018033,50,0.009512086259076274,Model1,svm-rbf-wv
0.11644175375115022,4.581140045548625e-4,25,kap,binary,0.34965508826730823,50,0.009512540412639022,Model1,svm-rbf-wv
0.11644175375115022,4.581140045548625e-4,25,npv,binary,0.9897105421121849,50,8.069418386981849e-4,Model1,svm-rbf-wv
0.11644175375115022,4.581140045548625e-4,25,ppv,binary,0.2780833681368173,50,0.007946028041168214,Model1,svm-rbf-wv
0.11644175375115022,4.581140045548625e-4,25,precision,binary,0.2780833681368173,50,0.007946028041168212,Model1,svm-rbf-wv
0.11644175375115022,4.581140045548625e-4,25,recall,binary,0.8933508827790794,50,0.008199961668634083,Model1,svm-rbf-wv
0.11644175375115022,4.581140045548625e-4,25,roc_auc,binary,0.9298323281285041,50,0.0030130547890868274,Model1,svm-rbf-wv
0.21187814791799922,1.993149160054123e-4,14,bal_accuracy,binary,0.8467933251008294,50,0.004377193103842373,Model1,svm-rbf-wv
0.21187814791799922,1.993149160054123e-4,14,f_meas,binary,0.39439775801886195,50,0.009055702032519689,Model1,svm-rbf-wv
0.21187814791799922,1.993149160054123e-4,14,kap,binary,0.3174435092802377,50,0.008939249151538342,Model1,svm-rbf-wv
0.21187814791799922,1.993149160054123e-4,14,npv,binary,0.990508871611844,50,7.606570260301934e-4,Model1,svm-rbf-wv
0.21187814791799922,1.993149160054123e-4,14,ppv,binary,0.2542652966901622,50,0.007276004879834151,Model1,svm-rbf-wv
0.21187814791799922,1.993149160054123e-4,14,precision,binary,0.25426529669016223,50,0.007276004879834152,Model1,svm-rbf-wv
0.21187814791799922,1.993149160054123e-4,14,recall,binary,0.9051857058380443,50,0.007215517088671732,Model1,svm-rbf-wv
0.21187814791799922,1.993149160054123e-4,14,roc_auc,binary,0.9269370091921534,50,0.0028820058672479167,Model1,svm-rbf-wv
0.31621860946514047,0.06266105846475602,27,bal_accuracy,binary,0.7533741963985275,50,0.007104278175679831,Model1,svm-rbf-wv
0.31621860946514047,0.06266105846475602,27,f_meas,binary,0.5160013457838989,50,0.011247216044396786,Model1,svm-rbf-wv
0.31621860946514047,0.06266105846475602,27,kap,binary,0.4765993034091387,50,0.01184955378606408,Model1,svm-rbf-wv
0.31621860946514047,0.06266105846475602,27,npv,binary,0.9640706968244368,50,0.0015367236639569459,Model1,svm-rbf-wv
0.31621860946514047,0.06266105846475602,27,ppv,binary,0.49989974014910943,50,0.014785295906143744,Model1,svm-rbf-wv
0.31621860946514047,0.06266105846475602,27,precision,binary,0.49989974014910943,50,0.014785295906143745,Model1,svm-rbf-wv
0.31621860946514047,0.06266105846475602,27,recall,binary,0.5509881020963545,50,0.014583043142446748,Model1,svm-rbf-wv
0.31621860946514047,0.06266105846475602,27,roc_auc,binary,0.9001574174622796,50,0.004055782870100369,Model1,svm-rbf-wv
0.4443114406510871,0.021666801676656824,16,bal_accuracy,binary,0.8010539738335594,50,0.00703980426124271,Model1,svm-rbf-wv
0.4443114406510871,0.021666801676656824,16,f_meas,binary,0.5363559881768151,50,0.011098872124694048,Model1,svm-rbf-wv
0.4443114406510871,0.021666801676656824,16,kap,binary,0.4934472889963485,50,0.011660191457075468,Model1,svm-rbf-wv
0.4443114406510871,0.021666801676656824,16,npv,binary,0.9724717851661198,50,0.0014228181581061072,Model1,svm-rbf-wv
0.4443114406510871,0.021666801676656824,16,ppv,binary,0.4608213451379377,50,0.013799431340551815,Model1,svm-rbf-wv
0.4443114406510871,0.021666801676656824,16,precision,binary,0.4608213451379377,50,0.01379943134055181,Model1,svm-rbf-wv
0.4443114406510871,0.021666801676656824,16,recall,binary,0.6644885119324274,50,0.014784944446500962,Model1,svm-rbf-wv
0.4443114406510871,0.021666801676656824,16,roc_auc,binary,0.9237171853402762,50,0.0031440616459305327,Model1,svm-rbf-wv
0.44978008084126303,1.2410250019025053e-9,35,bal_accuracy,binary,0.517809649850464,50,0.0037559863432282408,Model1,svm-rbf-wv
0.44978008084126303,1.2410250019025053e-9,35,f_meas,binary,0.07893902733723326,44,0.01335195375161381,Model1,svm-rbf-wv
0.44978008084126303,1.2410250019025053e-9,35,kap,binary,0.05612788981084713,50,0.011666071886310189,Model1,svm-rbf-wv
0.44978008084126303,1.2410250019025053e-9,35,npv,binary,0.9292650545711572,50,0.0018658990496527058,Model1,svm-rbf-wv
0.44978008084126303,1.2410250019025053e-9,35,ppv,binary,0.3001893939393939,44,0.05024932597858643,Model1,svm-rbf-wv
0.44978008084126303,1.2410250019025053e-9,35,precision,binary,0.3001893939393939,44,0.05024932597858642,Model1,svm-rbf-wv
0.44978008084126303,1.2410250019025053e-9,35,recall,binary,0.04164800272490406,50,0.007613869306897743,Model1,svm-rbf-wv
0.44978008084126303,1.2410250019025053e-9,35,roc_auc,binary,0.41397298383798015,50,0.04991748901007487,Model1,svm-rbf-wv
0.47394546507886454,6.563920074459803e-6,11,bal_accuracy,binary,0.5195163574951034,50,0.003678656250236645,Model1,svm-rbf-wv
0.47394546507886454,6.563920074459803e-6,11,f_meas,binary,0.08306456744892275,46,0.01234877081333938,Model1,svm-rbf-wv
0.47394546507886454,6.563920074459803e-6,11,kap,binary,0.061219147966040555,50,0.01123413969793473,Model1,svm-rbf-wv
0.47394546507886454,6.563920074459803e-6,11,npv,binary,0.9295075434312784,50,0.0018547656509749876,Model1,svm-rbf-wv
0.47394546507886454,6.563920074459803e-6,11,ppv,binary,0.3140010351966872,46,0.04523381478154776,Model1,svm-rbf-wv
0.47394546507886454,6.563920074459803e-6,11,precision,binary,0.3140010351966874,46,0.045233814781547775,Model1,svm-rbf-wv
0.47394546507886454,6.563920074459803e-6,11,recall,binary,0.04606747504002855,50,0.007460735433261518,Model1,svm-rbf-wv
0.47394546507886454,6.563920074459803e-6,11,roc_auc,binary,0.8612134479034925,50,0.007064942668371218,Model1,svm-rbf-wv
0.4760072356225943,2.134747890021553e-10,1,bal_accuracy,binary,0.5202473069626082,50,0.004097065845972749,Model1,svm-rbf-wv
0.4760072356225943,2.134747890021553e-10,1,f_meas,binary,0.08632898860152918,45,0.013882546928675014,Model1,svm-rbf-wv
0.4760072356225943,2.134747890021553e-10,1,kap,binary,0.06248631960533618,50,0.012349632168665314,Model1,svm-rbf-wv
0.4760072356225943,2.134747890021553e-10,1,npv,binary,0.9296303381647764,50,0.0018552253601559552,Model1,svm-rbf-wv
0.4760072356225943,2.134747890021553e-10,1,ppv,binary,0.30362433862433835,45,0.04727173056148763,Model1,svm-rbf-wv
0.4760072356225943,2.134747890021553e-10,1,precision,binary,0.30362433862433863,45,0.04727173056148766,Model1,svm-rbf-wv
0.4760072356225943,2.134747890021553e-10,1,recall,binary,0.047602332605549726,50,0.008345256035687308,Model1,svm-rbf-wv
0.4760072356225943,2.134747890021553e-10,1,roc_auc,binary,0.41397298383798015,50,0.04991748901007487,Model1,svm-rbf-wv
0.4863048909037279,6.368724487467767e-9,30,bal_accuracy,binary,0.517809649850464,50,0.0037559863432282408,Model1,svm-rbf-wv
0.4863048909037279,6.368724487467767e-9,30,f_meas,binary,0.07893902733723326,44,0.01335195375161381,Model1,svm-rbf-wv
0.4863048909037279,6.368724487467767e-9,30,kap,binary,0.05612788981084713,50,0.011666071886310189,Model1,svm-rbf-wv
0.4863048909037279,6.368724487467767e-9,30,npv,binary,0.9292650545711572,50,0.0018658990496527058,Model1,svm-rbf-wv
0.4863048909037279,6.368724487467767e-9,30,ppv,binary,0.3001893939393939,44,0.05024932597858643,Model1,svm-rbf-wv
0.4863048909037279,6.368724487467767e-9,30,precision,binary,0.3001893939393939,44,0.05024932597858642,Model1,svm-rbf-wv
0.4863048909037279,6.368724487467767e-9,30,recall,binary,0.04164800272490406,50,0.007613869306897743,Model1,svm-rbf-wv
0.4863048909037279,6.368724487467767e-9,30,roc_auc,binary,0.41397298383798015,50,0.04991748901007487,Model1,svm-rbf-wv
0.4912714422723987,9.205322552217096e-4,39,bal_accuracy,binary,0.859309536279482,50,0.00513279358050355,Model1,svm-rbf-wv
0.4912714422723987,9.205322552217096e-4,39,f_meas,binary,0.5119283906251887,50,0.010709360489562482,Model1,svm-rbf-wv
0.4912714422723987,9.205322552217096e-4,39,kap,binary,0.4584065257632961,50,0.011091307650457355,Model1,svm-rbf-wv
0.4912714422723987,9.205322552217096e-4,39,npv,binary,0.9851160405576692,50,9.578473117991439e-4,Model1,svm-rbf-wv
0.4912714422723987,9.205322552217096e-4,39,ppv,binary,0.3751282987792764,50,0.010753182956518873,Model1,svm-rbf-wv
0.4912714422723987,9.205322552217096e-4,39,precision,binary,0.37512829877927634,50,0.010753182956518873,Model1,svm-rbf-wv
0.4912714422723987,9.205322552217096e-4,39,recall,binary,0.8285625215423854,50,0.010403537840114491,Model1,svm-rbf-wv
0.4912714422723987,9.205322552217096e-4,39,roc_auc,binary,0.9387016756374431,50,0.002817760624650536,Model1,svm-rbf-wv
0.49526236030025317,5.359452840853969e-7,32,bal_accuracy,binary,0.517774314161418,50,0.003759909119181576,Model1,svm-rbf-wv
0.49526236030025317,5.359452840853969e-7,32,f_meas,binary,0.07893902733723326,44,0.01335195375161381,Model1,svm-rbf-wv
0.49526236030025317,5.359452840853969e-7,32,kap,binary,0.05601248527430482,50,0.011679245459018505,Model1,svm-rbf-wv
0.49526236030025317,5.359452840853969e-7,32,npv,binary,0.9292610411932307,50,0.0018654320852980627,Model1,svm-rbf-wv
0.49526236030025317,5.359452840853969e-7,32,ppv,binary,0.3001893939393939,44,0.05024932597858643,Model1,svm-rbf-wv
0.49526236030025317,5.359452840853969e-7,32,precision,binary,0.3001893939393939,44,0.05024932597858642,Model1,svm-rbf-wv
0.49526236030025317,5.359452840853969e-7,32,recall,binary,0.04164800272490406,50,0.007613869306897743,Model1,svm-rbf-wv
0.49526236030025317,5.359452840853969e-7,32,roc_auc,binary,0.8557480583491363,50,0.007857172138156912,Model1,svm-rbf-wv
