penalty,mixture,.iter,.metric,.estimator,mean,n,std_err,.config,model
3.806869251905427e-7,0.020781170492991805,0,bal_accuracy,binary,0.8565405014785776,50,0.005357902541632282,Model01,lasso-wv
3.806869251905427e-7,0.020781170492991805,0,f_meas,binary,0.5409493534940326,50,0.010165970691510692,Model01,lasso-wv
3.806869251905427e-7,0.020781170492991805,0,kap,binary,0.49278563635775,50,0.010605893512090696,Model01,lasso-wv
3.806869251905427e-7,0.020781170492991805,0,npv,binary,0.983192214736671,50,0.001053498978803312,Model01,lasso-wv
3.806869251905427e-7,0.020781170492991805,0,ppv,binary,0.4130755313625888,50,0.010976853421342034,Model01,lasso-wv
3.806869251905427e-7,0.020781170492991805,0,precision,binary,0.41307553136258873,50,0.010976853421342034,Model01,lasso-wv
3.806869251905427e-7,0.020781170492991805,0,recall,binary,0.8038891821877259,50,0.010934583868743172,Model01,lasso-wv
3.806869251905427e-7,0.020781170492991805,0,roc_auc,binary,0.94219450204913,50,0.0027758466790047086,Model01,lasso-wv
2.3109089329521756e-9,0.06995010362938046,0,bal_accuracy,binary,0.8530634529585742,50,0.005638084485863219,Model02,lasso-wv
2.3109089329521756e-9,0.06995010362938046,0,f_meas,binary,0.5463349331652622,50,0.01065122690285181,Model02,lasso-wv
2.3109089329521756e-9,0.06995010362938046,0,kap,binary,0.49926085245756363,50,0.01122844425067128,Model02,lasso-wv
2.3109089329521756e-9,0.06995010362938046,0,npv,binary,0.9823420520799654,50,0.00105170817300577,Model02,lasso-wv
2.3109089329521756e-9,0.06995010362938046,0,ppv,binary,0.4222458709086838,50,0.01150551043084419,Model02,lasso-wv
2.3109089329521756e-9,0.06995010362938046,0,precision,binary,0.4222458709086838,50,0.011505510430844192,Model02,lasso-wv
2.3109089329521756e-9,0.06995010362938046,0,recall,binary,0.7925835718570075,50,0.011207981224154989,Model02,lasso-wv
2.3109089329521756e-9,0.06995010362938046,0,roc_auc,binary,0.9384805228645418,50,0.00330254241737243,Model02,lasso-wv
0.0012722201880633933,0.08052884206175805,0,bal_accuracy,binary,0.8574750005958115,50,0.005296047222000901,Model03,lasso-wv
0.0012722201880633933,0.08052884206175805,0,f_meas,binary,0.541816294691364,50,0.010144740106605933,Model03,lasso-wv
0.0012722201880633933,0.08052884206175805,0,kap,binary,0.49374296265279927,50,0.010570479194796735,Model03,lasso-wv
0.0012722201880633933,0.08052884206175805,0,npv,binary,0.9833476978895728,50,0.0010441753670883212,Model03,lasso-wv
0.0012722201880633933,0.08052884206175805,0,ppv,binary,0.41366251956046574,50,0.011009266229823064,Model03,lasso-wv
0.0012722201880633933,0.08052884206175805,0,precision,binary,0.41366251956046574,50,0.011009266229823067,Model03,lasso-wv
0.0012722201880633933,0.08052884206175805,0,recall,binary,0.8057543345791941,50,0.010859093776927687,Model03,lasso-wv
0.0012722201880633933,0.08052884206175805,0,roc_auc,binary,0.9421350607834982,50,0.0028214297589652117,Model03,lasso-wv
5.133648599317995e-9,0.12036613883450627,0,bal_accuracy,binary,0.8532515539162695,50,0.0059007986352989,Model04,lasso-wv
5.133648599317995e-9,0.12036613883450627,0,f_meas,binary,0.5492343800016872,50,0.010372546131806088,Model04,lasso-wv
5.133648599317995e-9,0.12036613883450627,0,kap,binary,0.502663844965273,50,0.010965390169260222,Model04,lasso-wv
5.133648599317995e-9,0.12036613883450627,0,npv,binary,0.9821532507262511,50,0.001139040226168732,Model04,lasso-wv
5.133648599317995e-9,0.12036613883450627,0,ppv,binary,0.42643830092157836,50,0.011405947693061561,Model04,lasso-wv
5.133648599317995e-9,0.12036613883450627,0,precision,binary,0.4264383009215784,50,0.011405947693061563,Model04,lasso-wv
5.133648599317995e-9,0.12036613883450627,0,recall,binary,0.7913045121387463,50,0.011874930717884464,Model04,lasso-wv
5.133648599317995e-9,0.12036613883450627,0,roc_auc,binary,0.9367977259059773,50,0.003463841063709068,Model04,lasso-wv
1.332016230575198e-6,0.17964515595696867,0,bal_accuracy,binary,0.8529552122938139,50,0.00594318749814116,Model05,lasso-wv
1.332016230575198e-6,0.17964515595696867,0,f_meas,binary,0.5524181018655102,50,0.010441711110528775,Model05,lasso-wv
1.332016230575198e-6,0.17964515595696867,0,kap,binary,0.5063831404370158,50,0.011082717654707511,Model05,lasso-wv
1.332016230575198e-6,0.17964515595696867,0,npv,binary,0.9819484701573556,50,0.001149908267293509,Model05,lasso-wv
1.332016230575198e-6,0.17964515595696867,0,ppv,binary,0.4309290411905634,50,0.0116156158011032,Model05,lasso-wv
1.332016230575198e-6,0.17964515595696867,0,precision,binary,0.43092904119056347,50,0.011615615801103204,Model05,lasso-wv
1.332016230575198e-6,0.17964515595696867,0,recall,binary,0.7889206612070693,50,0.01179736547273876,Model05,lasso-wv
1.332016230575198e-6,0.17964515595696867,0,roc_auc,binary,0.9357820373471529,50,0.0035422462325140056,Model05,lasso-wv
0.005031318689589056,0.22433724868111313,0,bal_accuracy,binary,0.8634520630605138,50,0.0050768626824228835,Model06,lasso-wv
0.005031318689589056,0.22433724868111313,0,f_meas,binary,0.5379978436863301,50,0.01040440667954331,Model06,lasso-wv
0.005031318689589056,0.22433724868111313,0,kap,binary,0.48869079779583413,50,0.010897910823553365,Model06,lasso-wv
0.005031318689589056,0.22433724868111313,0,npv,binary,0.9847769879301173,50,9.562575819700013e-4,Model06,lasso-wv
0.005031318689589056,0.22433724868111313,0,ppv,binary,0.40480741683266463,50,0.011133644974715003,Model06,lasso-wv
0.005031318689589056,0.22433724868111313,0,precision,binary,0.40480741683266463,50,0.011133644974715003,Model06,lasso-wv
0.005031318689589056,0.22433724868111313,0,recall,binary,0.8234534510206599,50,0.010327517314830498,Model06,lasso-wv
0.005031318689589056,0.22433724868111313,0,roc_auc,binary,0.9460632197928767,50,0.002182055867450737,Model06,lasso-wv
2.381065943894258e-5,0.27003540862351655,0,bal_accuracy,binary,0.8529589914979474,50,0.00612763820915386,Model07,lasso-wv
2.381065943894258e-5,0.27003540862351655,0,f_meas,binary,0.556111715487801,50,0.010786587572383802,Model07,lasso-wv
2.381065943894258e-5,0.27003540862351655,0,kap,binary,0.5107216631702202,50,0.011450729392694774,Model07,lasso-wv
2.381065943894258e-5,0.27003540862351655,0,npv,binary,0.9819070647578828,50,0.0011366445209955803,Model07,lasso-wv
2.381065943894258e-5,0.27003540862351655,0,ppv,binary,0.43572449969051785,50,0.011897044907380609,Model07,lasso-wv
2.381065943894258e-5,0.27003540862351655,0,precision,binary,0.43572449969051785,50,0.011897044907380607,Model07,lasso-wv
2.381065943894258e-5,0.27003540862351655,0,recall,binary,0.7870665261481288,50,0.012081333837247434,Model07,lasso-wv
2.381065943894258e-5,0.27003540862351655,0,roc_auc,binary,0.9344795102268351,50,0.003588068687183441,Model07,lasso-wv
0.04311356908831242,0.29413256475701927,0,bal_accuracy,binary,0.8479796764490911,50,0.00601101648897663,Model08,lasso-wv
0.04311356908831242,0.29413256475701927,0,f_meas,binary,0.500874626127793,50,0.010250227098301179,Model08,lasso-wv
0.04311356908831242,0.29413256475701927,0,kap,binary,0.44622371615760587,50,0.010614102843320877,Model08,lasso-wv
0.04311356908831242,0.29413256475701927,0,npv,binary,0.9829074151318624,50,0.0011000938405061535,Model08,lasso-wv
0.04311356908831242,0.29413256475701927,0,ppv,binary,0.36779162119631104,50,0.01007828252139003,Model08,lasso-wv
0.04311356908831242,0.29413256475701927,0,precision,binary,0.36779162119631104,50,0.01007828252139003,Model08,lasso-wv
0.04311356908831242,0.29413256475701927,0,recall,binary,0.8056311567628995,50,0.011893461399033717,Model08,lasso-wv
0.04311356908831242,0.29413256475701927,0,roc_auc,binary,0.9393450536427994,50,0.0022323878164664784,Model08,lasso-wv
8.625889294672152e-10,0.33261676829308273,0,bal_accuracy,binary,0.8525876387886479,50,0.00638173248053596,Model09,lasso-wv
8.625889294672152e-10,0.33261676829308273,0,f_meas,binary,0.5562274669697742,50,0.011027807632952477,Model09,lasso-wv
8.625889294672152e-10,0.33261676829308273,0,kap,binary,0.5108942304090741,50,0.011711128984937959,Model09,lasso-wv
8.625889294672152e-10,0.33261676829308273,0,npv,binary,0.9818349057588392,50,0.0011669988354915933,Model09,lasso-wv
8.625889294672152e-10,0.33261676829308273,0,ppv,binary,0.4361012024846127,50,0.012013692628343751,Model09,lasso-wv
8.625889294672152e-10,0.33261676829308273,0,precision,binary,0.4361012024846127,50,0.012013692628343746,Model09,lasso-wv
8.625889294672152e-10,0.33261676829308273,0,recall,binary,0.7860392020229785,50,0.012505338813811292,Model09,lasso-wv
8.625889294672152e-10,0.33261676829308273,0,roc_auc,binary,0.933893777884681,50,0.0036088916834466087,Model09,lasso-wv
7.99026058271966e-5,0.36817615176551044,0,bal_accuracy,binary,0.853498570488044,50,0.00633606820474219,Model10,lasso-wv
7.99026058271966e-5,0.36817615176551044,0,f_meas,binary,0.5582981096643492,50,0.01090126306154924,Model10,lasso-wv
7.99026058271966e-5,0.36817615176551044,0,kap,binary,0.5132050648400109,50,0.011594721033849644,Model10,lasso-wv
7.99026058271966e-5,0.36817615176551044,0,npv,binary,0.9819168626864321,50,0.0011689087031397664,Model10,lasso-wv
7.99026058271966e-5,0.36817615176551044,0,ppv,binary,0.43815883813543677,50,0.011969369133100944,Model10,lasso-wv
7.99026058271966e-5,0.36817615176551044,0,precision,binary,0.43815883813543677,50,0.011969369133100937,Model10,lasso-wv
7.99026058271966e-5,0.36817615176551044,0,recall,binary,0.7872892020229786,50,0.012366021532446094,Model10,lasso-wv
7.99026058271966e-5,0.36817615176551044,0,roc_auc,binary,0.9334564772734982,50,0.0036349822433200973,Model10,lasso-wv
5.378070518348097e-10,0.4062547547928989,0,bal_accuracy,binary,0.8534112690107571,50,0.006463271421307763,Model11,lasso-wv
5.378070518348097e-10,0.4062547547928989,0,f_meas,binary,0.5587450889606341,50,0.011018044724473064,Model11,lasso-wv
5.378070518348097e-10,0.4062547547928989,0,kap,binary,0.513708370703087,50,0.011723363539351236,Model11,lasso-wv
5.378070518348097e-10,0.4062547547928989,0,npv,binary,0.9819191963623707,50,0.0011742480084997683,Model11,lasso-wv
5.378070518348097e-10,0.4062547547928989,0,ppv,binary,0.4386328169286325,50,0.011979157203976033,Model11,lasso-wv
5.378070518348097e-10,0.4062547547928989,0,precision,binary,0.4386328169286325,50,0.01197915720397603,Model11,lasso-wv
5.378070518348097e-10,0.4062547547928989,0,recall,binary,0.7869087672403698,50,0.012592102118159415,Model11,lasso-wv
5.378070518348097e-10,0.4062547547928989,0,roc_auc,binary,0.9331148579436225,50,0.003630106656155557,Model11,lasso-wv
3.952259893106738e-6,0.4547745728306472,0,bal_accuracy,binary,0.8527182083381757,50,0.006364162154115673,Model12,lasso-wv
3.952259893106738e-6,0.4547745728306472,0,f_meas,binary,0.5580036486450162,50,0.010642123850909844,Model12,lasso-wv
3.952259893106738e-6,0.4547745728306472,0,kap,binary,0.5129761581789185,50,0.011268809859388513,Model12,lasso-wv
3.952259893106738e-6,0.4547745728306472,0,npv,binary,0.9817861606970366,50,0.0011853782099067085,Model12,lasso-wv
3.952259893106738e-6,0.4547745728306472,0,ppv,binary,0.4384171798276291,50,0.011699563435204171,Model12,lasso-wv
3.952259893106738e-6,0.4547745728306472,0,precision,binary,0.4384171798276291,50,0.01169956343520417,Model12,lasso-wv
3.952259893106738e-6,0.4547745728306472,0,recall,binary,0.7853019278029457,50,0.012610054962368101,Model12,lasso-wv
3.952259893106738e-6,0.4547745728306472,0,roc_auc,binary,0.9326185984761056,50,0.0036640670428611088,Model12,lasso-wv
0.15508202792646886,0.5121433448605239,0,bal_accuracy,binary,0.8137635885144283,50,0.006477267798018243,Model13,lasso-wv
0.15508202792646886,0.5121433448605239,0,f_meas,binary,0.4658888623538573,50,0.009600330347245844,Model13,lasso-wv
0.15508202792646886,0.5121433448605239,0,kap,binary,0.4076528079525952,50,0.010129446686614625,Model13,lasso-wv
0.15508202792646886,0.5121433448605239,0,npv,binary,0.9769075733099192,50,0.0013496853354003086,Model13,lasso-wv
0.15508202792646886,0.5121433448605239,0,ppv,binary,0.3455277491160216,50,0.009855395532422434,Model13,lasso-wv
0.15508202792646886,0.5121433448605239,0,precision,binary,0.3455277491160216,50,0.00985539553242243,Model13,lasso-wv
0.15508202792646886,0.5121433448605239,0,recall,binary,0.7389388154241485,50,0.013000953648456449,Model13,lasso-wv
0.15508202792646886,0.5121433448605239,0,roc_auc,binary,0.9232861180540568,50,0.0029358043809767143,Model13,lasso-wv
0.6427531788091966,0.5208905844390392,0,bal_accuracy,binary,0.5,50,0,Model14,lasso-wv
0.6427531788091966,0.5208905844390392,0,f_meas,binary,0.12299797384638905,12,0.0067754032124436505,Model14,lasso-wv
0.6427531788091966,0.5208905844390392,0,kap,binary,0,50,0,Model14,lasso-wv
0.6427531788091966,0.5208905844390392,0,npv,binary,0.9244387130617241,38,0.002024017484930177,Model14,lasso-wv
0.6427531788091966,0.5208905844390392,0,ppv,binary,0.06568290882244371,12,0.003877663269734725,Model14,lasso-wv
0.6427531788091966,0.5208905844390392,0,precision,binary,0.06568290882244371,12,0.003877663269734725,Model14,lasso-wv
0.6427531788091966,0.5208905844390392,0,recall,binary,0.24,50,0.061011875725893214,Model14,lasso-wv
0.6427531788091966,0.5208905844390392,0,roc_auc,binary,0.5,50,0,Model14,lasso-wv
5.091797502397121e-4,0.5937187642324716,0,bal_accuracy,binary,0.8573096884906264,50,0.00607199871706876,Model15,lasso-wv
5.091797502397121e-4,0.5937187642324716,0,f_meas,binary,0.5466222145657128,50,0.010990298877443185,Model15,lasso-wv
5.091797502397121e-4,0.5937187642324716,0,kap,binary,0.4993385523994232,50,0.011576593898027981,Model15,lasso-wv
5.091797502397121e-4,0.5937187642324716,0,npv,binary,0.9831527649017321,50,0.0011051853704449862,Model15,lasso-wv
5.091797502397121e-4,0.5937187642324716,0,ppv,binary,0.41993295215678444,50,0.011788661569891121,Model15,lasso-wv
5.091797502397121e-4,0.5937187642324716,0,precision,binary,0.41993295215678444,50,0.01178866156989112,Model15,lasso-wv
5.091797502397121e-4,0.5937187642324716,0,recall,binary,0.8028507033288655,50,0.012043523078792013,Model15,lasso-wv
5.091797502397121e-4,0.5937187642324716,0,roc_auc,binary,0.9394420503515225,50,0.0031876995597826916,Model15,lasso-wv
2.027290474261331e-4,0.601140813678503,0,bal_accuracy,binary,0.8548035664629116,50,0.0060376855316139535,Model16,lasso-wv
2.027290474261331e-4,0.601140813678503,0,f_meas,binary,0.5531619958215729,50,0.010497174254086484,Model16,lasso-wv
2.027290474261331e-4,0.601140813678503,0,kap,binary,0.5071011987507437,50,0.011142346775698614,Model16,lasso-wv
2.027290474261331e-4,0.601140813678503,0,npv,binary,0.9823221489392543,50,0.001163659326426233,Model16,lasso-wv
2.027290474261331e-4,0.601140813678503,0,ppv,binary,0.4305870572349067,50,0.011645731924397346,Model16,lasso-wv
2.027290474261331e-4,0.601140813678503,0,precision,binary,0.43058705723490676,50,0.011645731924397348,Model16,lasso-wv
2.027290474261331e-4,0.601140813678503,0,recall,binary,0.7931949883292225,50,0.012066384611336644,Model16,lasso-wv
2.027290474261331e-4,0.601140813678503,0,roc_auc,binary,0.9359005034223237,50,0.00355802417513472,Model16,lasso-wv
2.9492407267007557e-8,0.6542939458694309,0,bal_accuracy,binary,0.8521257691590018,50,0.006549423835605111,Model17,lasso-wv
2.9492407267007557e-8,0.6542939458694309,0,f_meas,binary,0.5588764490407606,50,0.010650250352129404,Model17,lasso-wv
2.9492407267007557e-8,0.6542939458694309,0,kap,binary,0.5140447882848954,50,0.011283999737388934,Model17,lasso-wv
2.9492407267007557e-8,0.6542939458694309,0,npv,binary,0.9815691238931126,50,0.0012086077488542857,Model17,lasso-wv
2.9492407267007557e-8,0.6542939458694309,0,ppv,binary,0.43986179676136505,50,0.011477082022883443,Model17,lasso-wv
2.9492407267007557e-8,0.6542939458694309,0,precision,binary,0.43986179676136505,50,0.01147708202288344,Model17,lasso-wv
2.9492407267007557e-8,0.6542939458694309,0,recall,binary,0.7832556855394621,50,0.012842267255127283,Model17,lasso-wv
2.9492407267007557e-8,0.6542939458694309,0,roc_auc,binary,0.93128220776913,50,0.0036950382542695185,Model17,lasso-wv
6.762434804126128e-8,0.715568205723539,0,bal_accuracy,binary,0.8528824278601003,50,0.006537616009333307,Model18,lasso-wv
6.762434804126128e-8,0.715568205723539,0,f_meas,binary,0.5604588087300028,50,0.010286761682569517,Model18,lasso-wv
6.762434804126128e-8,0.715568205723539,0,kap,binary,0.515826966305785,50,0.010875074063747528,Model18,lasso-wv
6.762434804126128e-8,0.715568205723539,0,npv,binary,0.9816590627741261,50,0.0012124274298158674,Model18,lasso-wv
6.762434804126128e-8,0.715568205723539,0,ppv,binary,0.44139834244591014,50,0.011174156791511935,Model18,lasso-wv
6.762434804126128e-8,0.715568205723539,0,precision,binary,0.44139834244591014,50,0.011174156791511928,Model18,lasso-wv
6.762434804126128e-8,0.715568205723539,0,recall,binary,0.7842734259689672,50,0.01293573237439438,Model18,lasso-wv
6.762434804126128e-8,0.715568205723539,0,roc_auc,binary,0.9308131930838192,50,0.003693994635424708,Model18,lasso-wv
0.01834253506950342,0.734580324422568,0,bal_accuracy,binary,0.8454194664976379,50,0.005838200339923143,Model19,lasso-wv
0.01834253506950342,0.734580324422568,0,f_meas,binary,0.49995879438917146,50,0.009681763936103906,Model19,lasso-wv
0.01834253506950342,0.734580324422568,0,kap,binary,0.44536027073968343,50,0.010052071808719466,Model19,lasso-wv
0.01834253506950342,0.734580324422568,0,npv,binary,0.9823276211289399,50,0.0011312351224769786,Model19,lasso-wv
0.01834253506950342,0.734580324422568,0,ppv,binary,0.36875824247579847,50,0.010075421575493147,Model19,lasso-wv
0.01834253506950342,0.734580324422568,0,precision,binary,0.36875824247579847,50,0.010075421575493149,Model19,lasso-wv
0.01834253506950342,0.734580324422568,0,recall,binary,0.7994383162737945,50,0.012062179007434374,Model19,lasso-wv
0.01834253506950342,0.734580324422568,0,roc_auc,binary,0.9364715955547995,50,0.0024548031693500394,Model19,lasso-wv
7.023344366922617e-6,0.7737368205562234,0,bal_accuracy,binary,0.8507428622022429,50,0.006571260436226123,Model20,lasso-wv
7.023344366922617e-6,0.7737368205562234,0,f_meas,binary,0.5585962719542868,50,0.010635239909995068,Model20,lasso-wv
7.023344366922617e-6,0.7737368205562234,0,kap,binary,0.5138372613456516,50,0.011243850420444096,Model20,lasso-wv
7.023344366922617e-6,0.7737368205562234,0,npv,binary,0.9813540033814954,50,0.0011934205395648103,Model20,lasso-wv
7.023344366922617e-6,0.7737368205562234,0,ppv,binary,0.4402651928882812,50,0.011353972552536163,Model20,lasso-wv
7.023344366922617e-6,0.7737368205562234,0,precision,binary,0.4402651928882812,50,0.011353972552536158,Model20,lasso-wv
7.023344366922617e-6,0.7737368205562234,0,recall,binary,0.7799210952931072,50,0.012880719194398513,Model20,lasso-wv
7.023344366922617e-6,0.7737368205562234,0,roc_auc,binary,0.930533404589691,50,0.003726290195941879,Model20,lasso-wv
1.4168328660723276e-8,0.8209021523222327,0,bal_accuracy,binary,0.8509965999166584,50,0.006637227316084593,Model21,lasso-wv
1.4168328660723276e-8,0.8209021523222327,0,f_meas,binary,0.5594028983684961,50,0.01079638691888698,Model21,lasso-wv
1.4168328660723276e-8,0.8209021523222327,0,kap,binary,0.5147852194323748,50,0.0113941755980417,Model21,lasso-wv
1.4168328660723276e-8,0.8209021523222327,0,npv,binary,0.9814369479781403,50,0.0011869941872003807,Model21,lasso-wv
1.4168328660723276e-8,0.8209021523222327,0,ppv,binary,0.4409887554920545,50,0.011408895718793563,Model21,lasso-wv
1.4168328660723276e-8,0.8209021523222327,0,precision,binary,0.4409887554920545,50,0.011408895718793563,Model21,lasso-wv
1.4168328660723276e-8,0.8209021523222327,0,recall,binary,0.7801399379447084,50,0.012999654680721938,Model21,lasso-wv
1.4168328660723276e-8,0.8209021523222327,0,roc_auc,binary,0.9302362191239565,50,0.0037378109536511184,Model21,lasso-wv
6.214050102847672e-7,0.872705140421167,0,bal_accuracy,binary,0.8507485943842947,50,0.006796391944401161,Model22,lasso-wv
6.214050102847672e-7,0.872705140421167,0,f_meas,binary,0.559420617852168,50,0.01094809614646834,Model22,lasso-wv
6.214050102847672e-7,0.872705140421167,0,kap,binary,0.5147971664874094,50,0.011595612094515437,Model22,lasso-wv
6.214050102847672e-7,0.872705140421167,0,npv,binary,0.9813609359587273,50,0.0012097868351596214,Model22,lasso-wv
6.214050102847672e-7,0.872705140421167,0,ppv,binary,0.4412794107556875,50,0.011539404054991757,Model22,lasso-wv
6.214050102847672e-7,0.872705140421167,0,precision,binary,0.4412794107556875,50,0.011539404054991756,Model22,lasso-wv
6.214050102847672e-7,0.872705140421167,0,recall,binary,0.7795739842905195,50,0.013261646790329523,Model22,lasso-wv
6.214050102847672e-7,0.872705140421167,0,roc_auc,binary,0.9299433359992425,50,0.0037358126418158655,Model22,lasso-wv
1.7262073411487325e-10,0.9114679347909987,0,bal_accuracy,binary,0.8528814530545689,50,0.006503224028424056,Model23,lasso-wv
1.7262073411487325e-10,0.9114679347909987,0,f_meas,binary,0.5615245059840831,50,0.01080131489008642,Model23,lasso-wv
1.7262073411487325e-10,0.9114679347909987,0,kap,binary,0.5170494641605459,50,0.011428841130993638,Model23,lasso-wv
1.7262073411487325e-10,0.9114679347909987,0,npv,binary,0.9817300907782294,50,0.0011590148309264657,Model23,lasso-wv
1.7262073411487325e-10,0.9114679347909987,0,ppv,binary,0.4424444163485666,50,0.011531636216270708,Model23,lasso-wv
1.7262073411487325e-10,0.9114679347909987,0,precision,binary,0.4424444163485666,50,0.011531636216270702,Model23,lasso-wv
1.7262073411487325e-10,0.9114679347909987,0,recall,binary,0.7839830751996103,50,0.012670725742885334,Model23,lasso-wv
1.7262073411487325e-10,0.9114679347909987,0,roc_auc,binary,0.9296797194974494,50,0.0037282257425436845,Model23,lasso-wv
0.0019415828009215939,0.9225226000417024,0,bal_accuracy,binary,0.8656543217015632,50,0.005166211254118236,Model24,lasso-wv
0.0019415828009215939,0.9225226000417024,0,f_meas,binary,0.5444132002563832,50,0.010541284151918252,Model24,lasso-wv
0.0019415828009215939,0.9225226000417024,0,kap,binary,0.49606290431637606,50,0.011080427735495198,Model24,lasso-wv
0.0019415828009215939,0.9225226000417024,0,npv,binary,0.9849759809084445,50,9.773383008308519e-4,Model24,lasso-wv
0.0019415828009215939,0.9225226000417024,0,ppv,binary,0.4119845605394292,50,0.011522834432790646,Model24,lasso-wv
0.0019415828009215939,0.9225226000417024,0,precision,binary,0.4119845605394292,50,0.01152283443279065,Model24,lasso-wv
0.0019415828009215939,0.9225226000417024,0,recall,binary,0.8254863962363638,50,0.010533845698559327,Model24,lasso-wv
0.0019415828009215939,0.9225226000417024,0,roc_auc,binary,0.9458418291842834,50,0.0022902406074916735,Model24,lasso-wv
0.27167625442664883,0.9636366692744196,0,bal_accuracy,binary,0.7294215479477841,50,0.008305826431596105,Model25,lasso-wv
0.27167625442664883,0.9636366692744196,0,f_meas,binary,0.43062915203075663,50,0.01036443023755193,Model25,lasso-wv
0.27167625442664883,0.9636366692744196,0,kap,binary,0.37880327886031706,50,0.010907497659224665,Model25,lasso-wv
0.27167625442664883,0.9636366692744196,0,npv,binary,0.9612299898359415,50,0.001863866242893556,Model25,lasso-wv
0.27167625442664883,0.9636366692744196,0,ppv,binary,0.37641231485263626,50,0.011687551885022207,Model25,lasso-wv
0.27167625442664883,0.9636366692744196,0,precision,binary,0.37641231485263626,50,0.011687551885022211,Model25,lasso-wv
0.27167625442664883,0.9636366692744196,0,recall,binary,0.5286105251945616,50,0.0178872624089419,Model25,lasso-wv
0.27167625442664883,0.9636366692744196,0,roc_auc,binary,0.9095681222017812,50,0.003925777251887669,Model25,lasso-wv
1.0145887534815507e-10,0.002966637329105288,1,bal_accuracy,binary,0.8635118129033602,50,0.005074861867796685,Model1,lasso-wv
1.0145887534815507e-10,0.002966637329105288,1,f_meas,binary,0.5356132653946141,50,0.010315103160865754,Model1,lasso-wv
1.0145887534815507e-10,0.002966637329105288,1,kap,binary,0.4858960618335326,50,0.01075226967236065,Model1,lasso-wv
1.0145887534815507e-10,0.002966637329105288,1,npv,binary,0.9849116377812029,50,9.489540706702728e-4,Model1,lasso-wv
1.0145887534815507e-10,0.002966637329105288,1,ppv,binary,0.4014969365251122,50,0.01084873384889347,Model1,lasso-wv
1.0145887534815507e-10,0.002966637329105288,1,precision,binary,0.4014969365251122,50,0.010848733848893469,Model1,lasso-wv
1.0145887534815507e-10,0.002966637329105288,1,recall,binary,0.8248674869846959,50,0.0103402848910912,Model1,lasso-wv
1.0145887534815507e-10,0.002966637329105288,1,roc_auc,binary,0.9455710102458958,50,0.002217959234944176,Model1,lasso-wv
1.0199497858652041e-10,0.487059241550928,11,bal_accuracy,binary,0.8522212644943881,50,0.006480554756708134,Model1,lasso-wv
1.0199497858652041e-10,0.487059241550928,11,f_meas,binary,0.5577065708881731,50,0.01077235053541144,Model1,lasso-wv
1.0199497858652041e-10,0.487059241550928,11,kap,binary,0.5126461818346038,50,0.011410158935947688,Model1,lasso-wv
1.0199497858652041e-10,0.487059241550928,11,npv,binary,0.9817049098523786,50,0.0011778314769652213,Model1,lasso-wv
1.0199497858652041e-10,0.487059241550928,11,ppv,binary,0.4380534353613933,50,0.011615484345431214,Model1,lasso-wv
1.0199497858652041e-10,0.487059241550928,11,precision,binary,0.4380534353613933,50,0.011615484345431212,Model1,lasso-wv
1.0199497858652041e-10,0.487059241550928,11,recall,binary,0.7842392020229786,50,0.012712951706341801,Model1,lasso-wv
1.0199497858652041e-10,0.487059241550928,11,roc_auc,binary,0.9324153361141351,50,0.0036639362810298635,Model1,lasso-wv
1.6897443463480536e-9,0.9577947126828134,4,bal_accuracy,binary,0.8513316940067512,50,0.006445014748291096,Model1,lasso-wv
1.6897443463480536e-9,0.9577947126828134,4,f_meas,binary,0.5602236330214174,50,0.010602336317631455,Model1,lasso-wv
1.6897443463480536e-9,0.9577947126828134,4,kap,binary,0.5157005234177464,50,0.0111924545841749,Model1,lasso-wv
1.6897443463480536e-9,0.9577947126828134,4,npv,binary,0.9814407187502754,50,0.0011776286256673485,Model1,lasso-wv
1.6897443463480536e-9,0.9577947126828134,4,ppv,binary,0.4419625628567078,50,0.011379817254524976,Model1,lasso-wv
1.6897443463480536e-9,0.9577947126828134,4,precision,binary,0.4419625628567078,50,0.011379817254524973,Model1,lasso-wv
1.6897443463480536e-9,0.9577947126828134,4,recall,binary,0.780591283700402,50,0.012648905875030902,Model1,lasso-wv
1.6897443463480536e-9,0.9577947126828134,4,roc_auc,binary,0.9294456461934094,50,0.003759021382867138,Model1,lasso-wv
5.003280797549661e-8,0.024067035716818647,5,bal_accuracy,binary,0.855708875928304,50,0.005363783970765524,Model1,lasso-wv
5.003280797549661e-8,0.024067035716818647,5,f_meas,binary,0.540044419056739,50,0.010244841803551877,Model1,lasso-wv
5.003280797549661e-8,0.024067035716818647,5,kap,binary,0.49180863396157687,50,0.010695567951313122,Model1,lasso-wv
5.003280797549661e-8,0.024067035716818647,5,npv,binary,0.9830401878141141,50,0.0010600899213971966,Model1,lasso-wv
5.003280797549661e-8,0.024067035716818647,5,ppv,binary,0.41266044710987376,50,0.011117771886956502,Model1,lasso-wv
5.003280797549661e-8,0.024067035716818647,5,precision,binary,0.4126604471098737,50,0.011117771886956503,Model1,lasso-wv
5.003280797549661e-8,0.024067035716818647,5,recall,binary,0.8022904361062212,50,0.010938199745904343,Model1,lasso-wv
5.003280797549661e-8,0.024067035716818647,5,roc_auc,binary,0.9418212899162397,50,0.0028390058078375338,Model1,lasso-wv
2.9077751681027394e-7,0.45306111145932226,12,bal_accuracy,binary,0.8526954236710028,50,0.006309614933891309,Model1,lasso-wv
2.9077751681027394e-7,0.45306111145932226,12,f_meas,binary,0.5586801744103962,50,0.010902917212680168,Model1,lasso-wv
2.9077751681027394e-7,0.45306111145932226,12,kap,binary,0.5137428834009917,50,0.01156777815892157,Model1,lasso-wv
2.9077751681027394e-7,0.45306111145932226,12,npv,binary,0.9817812610323764,50,0.0011540541857451322,Model1,lasso-wv
2.9077751681027394e-7,0.45306111145932226,12,ppv,binary,0.4392194894620368,50,0.011963797661393421,Model1,lasso-wv
2.9077751681027394e-7,0.45306111145932226,12,precision,binary,0.4392194894620368,50,0.011963797661393416,Model1,lasso-wv
2.9077751681027394e-7,0.45306111145932226,12,recall,binary,0.7850392020229786,50,0.012358480396322842,Model1,lasso-wv
2.9077751681027394e-7,0.45306111145932226,12,roc_auc,binary,0.9326837169057608,50,0.0036616391131935465,Model1,lasso-wv
1.960305819832139e-6,0.9646735638621263,15,bal_accuracy,binary,0.8499869691868539,50,0.006510234975838861,Model1,lasso-wv
1.960305819832139e-6,0.9646735638621263,15,f_meas,binary,0.5586592642805087,50,0.010493039999501946,Model1,lasso-wv
1.960305819832139e-6,0.9646735638621263,15,kap,binary,0.5139774557167125,50,0.011084374231600228,Model1,lasso-wv
1.960305819832139e-6,0.9646735638621263,15,npv,binary,0.9812148757686449,50,0.001192327000361784,Model1,lasso-wv
1.960305819832139e-6,0.9646735638621263,15,ppv,binary,0.44088875733403765,50,0.01127127559969518,Model1,lasso-wv
1.960305819832139e-6,0.9646735638621263,15,precision,binary,0.4408887573340377,50,0.011271275599695176,Model1,lasso-wv
1.960305819832139e-6,0.9646735638621263,15,recall,binary,0.7779792942405864,50,0.01280541252116288,Model1,lasso-wv
1.960305819832139e-6,0.9646735638621263,15,roc_auc,binary,0.9293930841478181,50,0.0037534093494175635,Model1,lasso-wv
6.6926395973933e-6,0.0022258896039798856,9,bal_accuracy,binary,0.8662715938655647,50,0.004827243239940279,Model1,lasso-wv
6.6926395973933e-6,0.0022258896039798856,9,f_meas,binary,0.5359113864620955,50,0.010401324526827497,Model1,lasso-wv
6.6926395973933e-6,0.0022258896039798856,9,kap,binary,0.4860783949705442,50,0.01078451310782675,Model1,lasso-wv
6.6926395973933e-6,0.0022258896039798856,9,npv,binary,0.9855077382066187,50,8.868753223317483e-4,Model1,lasso-wv
6.6926395973933e-6,0.0022258896039798856,9,ppv,binary,0.40010512150578215,50,0.010823159222509149,Model1,lasso-wv
6.6926395973933e-6,0.0022258896039798856,9,precision,binary,0.40010512150578215,50,0.010823159222509147,Model1,lasso-wv
6.6926395973933e-6,0.0022258896039798856,9,recall,binary,0.8316672915705619,50,0.009811732047477909,Model1,lasso-wv
6.6926395973933e-6,0.0022258896039798856,9,roc_auc,binary,0.9455188670869896,50,0.0021836538795597287,Model1,lasso-wv
4.493833618933926e-5,0.9826867220183835,6,bal_accuracy,binary,0.8519443252310961,50,0.006376517894327734,Model1,lasso-wv
4.493833618933926e-5,0.9826867220183835,6,f_meas,binary,0.5601678474966999,50,0.010584438493239898,Model1,lasso-wv
4.493833618933926e-5,0.9826867220183835,6,kap,binary,0.5155911086346276,50,0.011160746003423304,Model1,lasso-wv
4.493833618933926e-5,0.9826867220183835,6,npv,binary,0.9815846062946508,50,0.0011555858253199777,Model1,lasso-wv
4.493833618933926e-5,0.9826867220183835,6,ppv,binary,0.441511131629743,50,0.011476650612838245,Model1,lasso-wv
4.493833618933926e-5,0.9826867220183835,6,precision,binary,0.44151113162974304,50,0.011476650612838245,Model1,lasso-wv
4.493833618933926e-5,0.9826867220183835,6,recall,binary,0.782175134632079,50,0.01254160460698887,Model1,lasso-wv
4.493833618933926e-5,0.9826867220183835,6,roc_auc,binary,0.9298431094275942,50,0.0037517551904350356,Model1,lasso-wv
1.871742024890334e-4,0.014627049692207947,8,bal_accuracy,binary,0.8588248487769842,50,0.005091226544811258,Model1,lasso-wv
1.871742024890334e-4,0.014627049692207947,8,f_meas,binary,0.540677436792876,50,0.010044981912040073,Model1,lasso-wv
1.871742024890334e-4,0.014627049692207947,8,kap,binary,0.4922188929010579,50,0.01046693179536227,Model1,lasso-wv
1.871742024890334e-4,0.014627049692207947,8,npv,binary,0.9836938651602416,50,9.935216595173431e-4,Model1,lasso-wv
1.871742024890334e-4,0.014627049692207947,8,ppv,binary,0.41089834150703564,50,0.010775566955097628,Model1,lasso-wv
1.871742024890334e-4,0.014627049692207947,8,precision,binary,0.41089834150703564,50,0.010775566955097628,Model1,lasso-wv
1.871742024890334e-4,0.014627049692207947,8,recall,binary,0.8099743499185458,50,0.010387562037944517,Model1,lasso-wv
1.871742024890334e-4,0.014627049692207947,8,roc_auc,binary,0.943111790747978,50,0.0026227281893503947,Model1,lasso-wv
2.9980367694400467e-4,0.9962560070732609,10,bal_accuracy,binary,0.8571068929454204,50,0.005951672087883884,Model1,lasso-wv
2.9980367694400467e-4,0.9962560070732609,10,f_meas,binary,0.5520512712619952,50,0.010876812134629278,Model1,lasso-wv
2.9980367694400467e-4,0.9962560070732609,10,kap,binary,0.5056540384470051,50,0.011501670698696124,Model1,lasso-wv
2.9980367694400467e-4,0.9962560070732609,10,npv,binary,0.9828932944132391,50,0.0011031182482418083,Model1,lasso-wv
2.9980367694400467e-4,0.9962560070732609,10,ppv,binary,0.4273059358085652,50,0.011817800822893852,Model1,lasso-wv
2.9980367694400467e-4,0.9962560070732609,10,precision,binary,0.4273059358085652,50,0.011817800822893847,Model1,lasso-wv
2.9980367694400467e-4,0.9962560070732609,10,recall,binary,0.7996547608239275,50,0.011828530403077317,Model1,lasso-wv
2.9980367694400467e-4,0.9962560070732609,10,roc_auc,binary,0.936401691797724,50,0.0034629269729144706,Model1,lasso-wv
0.015215148397210106,0.014296032824506984,14,bal_accuracy,binary,0.8659850689114892,50,0.005027148313683436,Model1,lasso-wv
0.015215148397210106,0.014296032824506984,14,f_meas,binary,0.5352984446085736,50,0.010651180253672475,Model1,lasso-wv
0.015215148397210106,0.014296032824506984,14,kap,binary,0.4853833189021231,50,0.011067976361890984,Model1,lasso-wv
0.015215148397210106,0.014296032824506984,14,npv,binary,0.9855059892961497,50,8.978093013898242e-4,Model1,lasso-wv
0.015215148397210106,0.014296032824506984,14,ppv,binary,0.3995557942341923,50,0.01099162309059969,Model1,lasso-wv
0.015215148397210106,0.014296032824506984,14,precision,binary,0.39955579423419224,50,0.01099162309059969,Model1,lasso-wv
0.015215148397210106,0.014296032824506984,14,recall,binary,0.8313815772848475,50,0.010192384317945323,Model1,lasso-wv
0.015215148397210106,0.014296032824506984,14,roc_auc,binary,0.9457283865731998,50,0.002164722561856216,Model1,lasso-wv
0.08698119612090482,0.9980721345982049,2,bal_accuracy,binary,0.8054916950468005,50,0.006220216562643073,Model1,lasso-wv
0.08698119612090482,0.9980721345982049,2,f_meas,binary,0.4616543320016871,50,0.009422874109764542,Model1,lasso-wv
0.08698119612090482,0.9980721345982049,2,kap,binary,0.40351140339572894,50,0.009857451081847872,Model1,lasso-wv
0.08698119612090482,0.9980721345982049,2,npv,binary,0.9754510377044594,50,0.001339090130978073,Model1,lasso-wv
0.08698119612090482,0.9980721345982049,2,ppv,binary,0.344880383487214,50,0.009626036050033433,Model1,lasso-wv
0.08698119612090482,0.9980721345982049,2,precision,binary,0.344880383487214,50,0.009626036050033433,Model1,lasso-wv
0.08698119612090482,0.9980721345982049,2,recall,binary,0.7194632273293788,50,0.012564647865660458,Model1,lasso-wv
0.08698119612090482,0.9980721345982049,2,roc_auc,binary,0.922437649902752,50,0.0028894291180757603,Model1,lasso-wv
0.16571224013760444,0.0063567399933934215,7,bal_accuracy,binary,0.8593499624944776,50,0.005243291575553369,Model1,lasso-wv
0.16571224013760444,0.0063567399933934215,7,f_meas,binary,0.5053909774687555,50,0.010292226161687425,Model1,lasso-wv
0.16571224013760444,0.0063567399933934215,7,kap,binary,0.4505250299268666,50,0.010670353649998205,Model1,lasso-wv
0.16571224013760444,0.0063567399933934215,7,npv,binary,0.9853447518458625,50,9.58216386688797e-4,Model1,lasso-wv
0.16571224013760444,0.0063567399933934215,7,ppv,binary,0.36708924762817785,50,0.010105297147054477,Model1,lasso-wv
0.16571224013760444,0.0063567399933934215,7,precision,binary,0.36708924762817785,50,0.010105297147054479,Model1,lasso-wv
0.16571224013760444,0.0063567399933934215,7,recall,binary,0.833186964789313,50,0.010526523505762204,Model1,lasso-wv
0.16571224013760444,0.0063567399933934215,7,roc_auc,binary,0.941509155542493,50,0.0023361803854452627,Model1,lasso-wv
0.9833138245707028,0.9692070280271582,13,bal_accuracy,binary,0.5,50,0,Model1,lasso-wv
0.9833138245707028,0.9692070280271582,13,f_meas,binary,0.12299797384638905,12,0.0067754032124436505,Model1,lasso-wv
0.9833138245707028,0.9692070280271582,13,kap,binary,0,50,0,Model1,lasso-wv
0.9833138245707028,0.9692070280271582,13,npv,binary,0.9244387130617241,38,0.002024017484930177,Model1,lasso-wv
0.9833138245707028,0.9692070280271582,13,ppv,binary,0.06568290882244371,12,0.003877663269734725,Model1,lasso-wv
0.9833138245707028,0.9692070280271582,13,precision,binary,0.06568290882244371,12,0.003877663269734725,Model1,lasso-wv
0.9833138245707028,0.9692070280271582,13,recall,binary,0.24,50,0.061011875725893214,Model1,lasso-wv
0.9833138245707028,0.9692070280271582,13,roc_auc,binary,0.5,50,0,Model1,lasso-wv
0.9993137827935705,0.055692714932654055,3,bal_accuracy,binary,0.8388491236743925,50,0.006238781083672836,Model1,lasso-wv
0.9993137827935705,0.055692714932654055,3,f_meas,binary,0.4694473121045618,50,0.009766773739680752,Model1,lasso-wv
0.9993137827935705,0.055692714932654055,3,kap,binary,0.40940241014944684,50,0.010151303214221634,Model1,lasso-wv
0.9993137827935705,0.055692714932654055,3,npv,binary,0.982261924207092,50,0.0012104052728844166,Model1,lasso-wv
0.9993137827935705,0.055692714932654055,3,ppv,binary,0.33560057105928015,50,0.009271910304777678,Model1,lasso-wv
0.9993137827935705,0.055692714932654055,3,precision,binary,0.33560057105928015,50,0.009271910304777678,Model1,lasso-wv
0.9993137827935705,0.055692714932654055,3,recall,binary,0.804027449256096,50,0.012239876454847394,Model1,lasso-wv
0.9993137827935705,0.055692714932654055,3,roc_auc,binary,0.9225001336270434,50,0.0030688531513662107,Model1,lasso-wv
