mtry,min_n,tree_depth,learn_rate,loss_reduction,sample_size,.iter,.metric,.estimator,mean,n,std_err,.config,model
9,38,3,1.4285338940721665e-4,0.08921896934599861,0.20484448984917253,0,bal_accuracy,binary,0.8150022973117378,50,0.004917613408355968,Model01,xgb-wv-wv
9,38,3,1.4285338940721665e-4,0.08921896934599861,0.20484448984917253,0,f_meas,binary,0.3845968480005634,50,0.00821375455985306,Model01,xgb-wv-wv
9,38,3,1.4285338940721665e-4,0.08921896934599861,0.20484448984917253,0,kap,binary,0.3082022415098924,50,0.007845348181538904,Model01,xgb-wv-wv
9,38,3,1.4285338940721665e-4,0.08921896934599861,0.20484448984917253,0,npv,binary,0.9831127162081554,50,0.0010109066033366853,Model01,xgb-wv-wv
9,38,3,1.4285338940721665e-4,0.08921896934599861,0.20484448984917253,0,ppv,binary,0.25301613447056065,50,0.0066588792846731,Model01,xgb-wv-wv
9,38,3,1.4285338940721665e-4,0.08921896934599861,0.20484448984917253,0,precision,binary,0.25301613447056065,50,0.006658879284673097,Model01,xgb-wv-wv
9,38,3,1.4285338940721665e-4,0.08921896934599861,0.20484448984917253,0,recall,binary,0.8226366223890496,50,0.01022446744432639,Model01,xgb-wv-wv
9,38,3,1.4285338940721665e-4,0.08921896934599861,0.20484448984917253,0,roc_auc,binary,0.8941975900028355,50,0.004173794290386118,Model01,xgb-wv-wv
88,8,3,3.517203542960351e-5,0.0013458216284231357,0.4910936898505316,0,bal_accuracy,binary,0.8379956708640149,50,0.006405580496436295,Model02,xgb-wv-wv
88,8,3,3.517203542960351e-5,0.0013458216284231357,0.4910936898505316,0,f_meas,binary,0.5338844058742261,50,0.010730745912594116,Model02,xgb-wv-wv
88,8,3,3.517203542960351e-5,0.0013458216284231357,0.4910936898505316,0,kap,binary,0.4861499413345008,50,0.011400802306700503,Model02,xgb-wv-wv
88,8,3,3.517203542960351e-5,0.0013458216284231357,0.4910936898505316,0,npv,binary,0.9794490160913817,50,0.0012361910340488102,Model02,xgb-wv-wv
88,8,3,3.517203542960351e-5,0.0013458216284231357,0.4910936898505316,0,ppv,binary,0.4183989523334028,50,0.012212429256536669,Model02,xgb-wv-wv
88,8,3,3.517203542960351e-5,0.0013458216284231357,0.4910936898505316,0,precision,binary,0.4183989523334028,50,0.01221242925653667,Model02,xgb-wv-wv
88,8,3,3.517203542960351e-5,0.0013458216284231357,0.4910936898505316,0,recall,binary,0.7603933408822796,50,0.012741756121330626,Model02,xgb-wv-wv
88,8,3,3.517203542960351e-5,0.0013458216284231357,0.4910936898505316,0,roc_auc,binary,0.9355646977094803,50,0.0027145131449024485,Model02,xgb-wv-wv
108,39,10,2.437481255557468e-5,1.3734189129127371e-10,0.34370887430664154,0,bal_accuracy,binary,0.832758913203394,50,0.005769647528500887,Model03,xgb-wv-wv
108,39,10,2.437481255557468e-5,1.3734189129127371e-10,0.34370887430664154,0,f_meas,binary,0.44331379986755165,50,0.008682389912585759,Model03,xgb-wv-wv
108,39,10,2.437481255557468e-5,1.3734189129127371e-10,0.34370887430664154,0,kap,binary,0.37822752767221185,50,0.00889277677298797,Model03,xgb-wv-wv
108,39,10,2.437481255557468e-5,1.3734189129127371e-10,0.34370887430664154,0,npv,binary,0.9826520095080742,50,0.0011636059175583408,Model03,xgb-wv-wv
108,39,10,2.437481255557468e-5,1.3734189129127371e-10,0.34370887430664154,0,ppv,binary,0.3084141644857948,50,0.00788491803170805,Model03,xgb-wv-wv
108,39,10,2.437481255557468e-5,1.3734189129127371e-10,0.34370887430664154,0,precision,binary,0.3084141644857948,50,0.007884918031708049,Model03,xgb-wv-wv
108,39,10,2.437481255557468e-5,1.3734189129127371e-10,0.34370887430664154,0,recall,binary,0.810027453576136,50,0.011965795264969705,Model03,xgb-wv-wv
108,39,10,2.437481255557468e-5,1.3734189129127371e-10,0.34370887430664154,0,roc_auc,binary,0.9239123196118844,50,0.003252103943745464,Model03,xgb-wv-wv
23,35,5,1.7970083864381482e-10,7.288247419055451e-6,0.5692492785369978,0,bal_accuracy,binary,0.5671222555385391,50,0.004708981969774418,Model04,xgb-wv-wv
23,35,5,1.7970083864381482e-10,7.288247419055451e-6,0.5692492785369978,0,f_meas,binary,0.23683116922385763,48,0.013334970091310188,Model04,xgb-wv-wv
23,35,5,1.7970083864381482e-10,7.288247419055451e-6,0.5692492785369978,0,kap,binary,0.21168136207666574,50,0.01382716093165626,Model04,xgb-wv-wv
23,35,5,1.7970083864381482e-10,7.288247419055451e-6,0.5692492785369978,0,npv,binary,0.9360684964231885,50,0.0017680700224960064,Model04,xgb-wv-wv
23,35,5,1.7970083864381482e-10,7.288247419055451e-6,0.5692492785369978,0,ppv,binary,0.796626984126984,48,0.030921339724541492,Model04,xgb-wv-wv
23,35,5,1.7970083864381482e-10,7.288247419055451e-6,0.5692492785369978,0,precision,binary,0.7966269841269841,48,0.030921339724541478,Model04,xgb-wv-wv
23,35,5,1.7970083864381482e-10,7.288247419055451e-6,0.5692492785369978,0,recall,binary,0.1368869303303891,50,0.0094665227650527,Model04,xgb-wv-wv
23,35,5,1.7970083864381482e-10,7.288247419055451e-6,0.5692492785369978,0,roc_auc,binary,0.8348855289612498,50,0.004415968826924221,Model04,xgb-wv-wv
77,29,8,6.261747130851787e-9,0.5781988950703769,0.7223724922286346,0,bal_accuracy,binary,0.8415494586824998,50,0.005711818814137354,Model05,xgb-wv-wv
77,29,8,6.261747130851787e-9,0.5781988950703769,0.7223724922286346,0,f_meas,binary,0.5614815731942011,50,0.010551301880089736,Model05,xgb-wv-wv
77,29,8,6.261747130851787e-9,0.5781988950703769,0.7223724922286346,0,kap,binary,0.5181419286794741,50,0.011171804659821238,Model05,xgb-wv-wv
77,29,8,6.261747130851787e-9,0.5781988950703769,0.7223724922286346,0,npv,binary,0.9793919442002147,50,0.0011302376606177845,Model05,xgb-wv-wv
77,29,8,6.261747130851787e-9,0.5781988950703769,0.7223724922286346,0,ppv,binary,0.45349529829203,50,0.012428551464368606,Model05,xgb-wv-wv
77,29,8,6.261747130851787e-9,0.5781988950703769,0.7223724922286346,0,precision,binary,0.45349529829203,50,0.012428551464368604,Model05,xgb-wv-wv
77,29,8,6.261747130851787e-9,0.5781988950703769,0.7223724922286346,0,recall,binary,0.7555294891551605,50,0.011275807353469704,Model05,xgb-wv-wv
77,29,8,6.261747130851787e-9,0.5781988950703769,0.7223724922286346,0,roc_auc,binary,0.9389270665752665,50,0.0027126258049065557,Model05,xgb-wv-wv
16,16,2,3.318751340419835e-8,6.19830589843135e-4,0.6111048835273831,0,bal_accuracy,binary,0.826193543249495,50,0.004427544065311548,Model06,xgb-wv-wv
16,16,2,3.318751340419835e-8,6.19830589843135e-4,0.6111048835273831,0,f_meas,binary,0.40288539597761513,50,0.008363392574526115,Model06,xgb-wv-wv
16,16,2,3.318751340419835e-8,6.19830589843135e-4,0.6111048835273831,0,kap,binary,0.3296482093061522,50,0.008071503461657272,Model06,xgb-wv-wv
16,16,2,3.318751340419835e-8,6.19830589843135e-4,0.6111048835273831,0,npv,binary,0.9842529678103307,50,8.826283698474435e-4,Model06,xgb-wv-wv
16,16,2,3.318751340419835e-8,6.19830589843135e-4,0.6111048835273831,0,ppv,binary,0.26778900204087985,50,0.007006197311115906,Model06,xgb-wv-wv
16,16,2,3.318751340419835e-8,6.19830589843135e-4,0.6111048835273831,0,precision,binary,0.26778900204087985,50,0.007006197311115906,Model06,xgb-wv-wv
16,16,2,3.318751340419835e-8,6.19830589843135e-4,0.6111048835273831,0,recall,binary,0.8326799194301726,50,0.008872951401111029,Model06,xgb-wv-wv
16,16,2,3.318751340419835e-8,6.19830589843135e-4,0.6111048835273831,0,roc_auc,binary,0.910570217545802,50,0.0035121901435030234,Model06,xgb-wv-wv
14,3,4,2.3384718459910545e-8,0.3538365598129143,0.7728959981771185,0,bal_accuracy,binary,0.8213257244063978,50,0.0051638347819050155,Model07,xgb-wv-wv
14,3,4,2.3384718459910545e-8,0.3538365598129143,0.7728959981771185,0,f_meas,binary,0.40171717856813,50,0.008512368848046107,Model07,xgb-wv-wv
14,3,4,2.3384718459910545e-8,0.3538365598129143,0.7728959981771185,0,kap,binary,0.3287889767382319,50,0.008211238752983978,Model07,xgb-wv-wv
14,3,4,2.3384718459910545e-8,0.3538365598129143,0.7728959981771185,0,npv,binary,0.9830802498933104,50,0.0010213125576132391,Model07,xgb-wv-wv
14,3,4,2.3384718459910545e-8,0.3538365598129143,0.7728959981771185,0,ppv,binary,0.26834201102289895,50,0.007099335062429872,Model07,xgb-wv-wv
14,3,4,2.3384718459910545e-8,0.3538365598129143,0.7728959981771185,0,precision,binary,0.26834201102289895,50,0.007099335062429872,Model07,xgb-wv-wv
14,3,4,2.3384718459910545e-8,0.3538365598129143,0.7728959981771185,0,recall,binary,0.8194737437290361,50,0.010643652482312617,Model07,xgb-wv-wv
14,3,4,2.3384718459910545e-8,0.3538365598129143,0.7728959981771185,0,roc_auc,binary,0.9113624521037872,50,0.004011752871415684,Model07,xgb-wv-wv
61,5,9,2.475851006279356e-6,3.180473416981213,0.8811190128428861,0,bal_accuracy,binary,0.8351735624995377,50,0.0051755130065563,Model08,xgb-wv-wv
61,5,9,2.475851006279356e-6,3.180473416981213,0.8811190128428861,0,f_meas,binary,0.5767835098329429,50,0.010232413491461196,Model08,xgb-wv-wv
61,5,9,2.475851006279356e-6,3.180473416981213,0.8811190128428861,0,kap,binary,0.5364245656152512,50,0.01087702520753356,Model08,xgb-wv-wv
61,5,9,2.475851006279356e-6,3.180473416981213,0.8811190128428861,0,npv,binary,0.9778366848696938,50,0.0010887234333683275,Model08,xgb-wv-wv
61,5,9,2.475851006279356e-6,3.180473416981213,0.8811190128428861,0,ppv,binary,0.4831358581577562,50,0.012984412128705752,Model08,xgb-wv-wv
61,5,9,2.475851006279356e-6,3.180473416981213,0.8811190128428861,0,precision,binary,0.4831358581577562,50,0.01298441212870575,Model08,xgb-wv-wv
61,5,9,2.475851006279356e-6,3.180473416981213,0.8811190128428861,0,recall,binary,0.7332471551393275,50,0.010504581959537875,Model08,xgb-wv-wv
61,5,9,2.475851006279356e-6,3.180473416981213,0.8811190128428861,0,roc_auc,binary,0.9416926524120808,50,0.002744733802928852,Model08,xgb-wv-wv
46,17,7,1.0224999730139922e-9,1.3676318774268595e-8,0.27516057934891436,0,bal_accuracy,binary,0.8416217513805446,50,0.005814919826140077,Model09,xgb-wv-wv
46,17,7,1.0224999730139922e-9,1.3676318774268595e-8,0.27516057934891436,0,f_meas,binary,0.5412164546378601,50,0.01041784811407909,Model09,xgb-wv-wv
46,17,7,1.0224999730139922e-9,1.3676318774268595e-8,0.27516057934891436,0,kap,binary,0.49414682550166245,50,0.01107946882323018,Model09,xgb-wv-wv
46,17,7,1.0224999730139922e-9,1.3676318774268595e-8,0.27516057934891436,0,npv,binary,0.9801206500899405,50,0.001141069310464634,Model09,xgb-wv-wv
46,17,7,1.0224999730139922e-9,1.3676318774268595e-8,0.27516057934891436,0,ppv,binary,0.4236080572453088,50,0.01130878602671125,Model09,xgb-wv-wv
46,17,7,1.0224999730139922e-9,1.3676318774268595e-8,0.27516057934891436,0,precision,binary,0.4236080572453088,50,0.01130878602671125,Model09,xgb-wv-wv
46,17,7,1.0224999730139922e-9,1.3676318774268595e-8,0.27516057934891436,0,recall,binary,0.7664176147550508,50,0.011322186344440327,Model09,xgb-wv-wv
46,17,7,1.0224999730139922e-9,1.3676318774268595e-8,0.27516057934891436,0,roc_auc,binary,0.9328580264233479,50,0.0028307280246147562,Model09,xgb-wv-wv
93,26,11,9.240471338390417e-7,2.982613873760663e-9,0.5422900338480249,0,bal_accuracy,binary,0.8376231369909729,50,0.005736719064246368,Model10,xgb-wv-wv
93,26,11,9.240471338390417e-7,2.982613873760663e-9,0.5422900338480249,0,f_meas,binary,0.5556799251899381,50,0.010938049651301395,Model10,xgb-wv-wv
93,26,11,9.240471338390417e-7,2.982613873760663e-9,0.5422900338480249,0,kap,binary,0.5118136481807567,50,0.011595403135435287,Model10,xgb-wv-wv
93,26,11,9.240471338390417e-7,2.982613873760663e-9,0.5422900338480249,0,npv,binary,0.9788715964273876,50,0.0011208192164075107,Model10,xgb-wv-wv
93,26,11,9.240471338390417e-7,2.982613873760663e-9,0.5422900338480249,0,ppv,binary,0.4500006723510908,50,0.01295624597472998,Model10,xgb-wv-wv
93,26,11,9.240471338390417e-7,2.982613873760663e-9,0.5422900338480249,0,precision,binary,0.45000067235109076,50,0.012956245974729986,Model10,xgb-wv-wv
93,26,11,9.240471338390417e-7,2.982613873760663e-9,0.5422900338480249,0,recall,binary,0.7488023021614993,50,0.011731499846936453,Model10,xgb-wv-wv
93,26,11,9.240471338390417e-7,2.982613873760663e-9,0.5422900338480249,0,roc_auc,binary,0.9353274907536931,50,0.002809389375333621,Model10,xgb-wv-wv
42,23,10,0.09186024181434059,6.485504438058467e-5,0.6502223181622103,0,bal_accuracy,binary,0.8172310867350634,50,0.006831367664904114,Model11,xgb-wv-wv
42,23,10,0.09186024181434059,6.485504438058467e-5,0.6502223181622103,0,f_meas,binary,0.5939249424467679,50,0.010318690296768388,Model11,xgb-wv-wv
42,23,10,0.09186024181434059,6.485504438058467e-5,0.6502223181622103,0,kap,binary,0.5582145299087274,50,0.011048047521641945,Model11,xgb-wv-wv
42,23,10,0.09186024181434059,6.485504438058467e-5,0.6502223181622103,0,npv,binary,0.9739053596009546,50,0.0014499787182894028,Model11,xgb-wv-wv
42,23,10,0.09186024181434059,6.485504438058467e-5,0.6502223181622103,0,ppv,binary,0.5361338690669433,50,0.013246658579631842,Model11,xgb-wv-wv
42,23,10,0.09186024181434059,6.485504438058467e-5,0.6502223181622103,0,precision,binary,0.5361338690669433,50,0.013246658579631844,Model11,xgb-wv-wv
42,23,10,0.09186024181434059,6.485504438058467e-5,0.6502223181622103,0,recall,binary,0.6813941499608527,50,0.013814861182349649,Model11,xgb-wv-wv
42,23,10,0.09186024181434059,6.485504438058467e-5,0.6502223181622103,0,roc_auc,binary,0.9379491605369841,50,0.0031175813817037254,Model11,xgb-wv-wv
96,12,14,0.042089192462087456,2.7063224322628025e-8,0.4460151091814041,0,bal_accuracy,binary,0.8205675361325085,50,0.006548654758019818,Model12,xgb-wv-wv
96,12,14,0.042089192462087456,2.7063224322628025e-8,0.4460151091814041,0,f_meas,binary,0.6098783825582437,50,0.010169925572082154,Model12,xgb-wv-wv
96,12,14,0.042089192462087456,2.7063224322628025e-8,0.4460151091814041,0,kap,binary,0.5762701184333442,50,0.010829847012853232,Model12,xgb-wv-wv
96,12,14,0.042089192462087456,2.7063224322628025e-8,0.4460151091814041,0,npv,binary,0.9742247195049176,50,0.001345176066281612,Model12,xgb-wv-wv
96,12,14,0.042089192462087456,2.7063224322628025e-8,0.4460151091814041,0,ppv,binary,0.5603763937181478,50,0.013338054438054072,Model12,xgb-wv-wv
96,12,14,0.042089192462087456,2.7063224322628025e-8,0.4460151091814041,0,precision,binary,0.5603763937181478,50,0.013338054438054069,Model12,xgb-wv-wv
96,12,14,0.042089192462087456,2.7063224322628025e-8,0.4460151091814041,0,recall,binary,0.6838197588929833,50,0.013222679101556759,Model12,xgb-wv-wv
96,12,14,0.042089192462087456,2.7063224322628025e-8,0.4460151091814041,0,roc_auc,binary,0.9392231539564604,50,0.0029141278532113695,Model12,xgb-wv-wv
57,4,8,1.8594767271119006e-7,4.783655458207856,0.3916904116366059,0,bal_accuracy,binary,0.8487366067766151,50,0.005811953737249181,Model13,xgb-wv-wv
57,4,8,1.8594767271119006e-7,4.783655458207856,0.3916904116366059,0,f_meas,binary,0.5540240497330401,50,0.010639522500675836,Model13,xgb-wv-wv
57,4,8,1.8594767271119006e-7,4.783655458207856,0.3916904116366059,0,kap,binary,0.5086853135159425,50,0.011282835441790158,Model13,xgb-wv-wv
57,4,8,1.8594767271119006e-7,4.783655458207856,0.3916904116366059,0,npv,binary,0.9810320546888041,50,0.0011181530283261981,Model13,xgb-wv-wv
57,4,8,1.8594767271119006e-7,4.783655458207856,0.3916904116366059,0,ppv,binary,0.4369677587123326,50,0.012196917498725278,Model13,xgb-wv-wv
57,4,8,1.8594767271119006e-7,4.783655458207856,0.3916904116366059,0,precision,binary,0.4369677587123326,50,0.012196917498725278,Model13,xgb-wv-wv
57,4,8,1.8594767271119006e-7,4.783655458207856,0.3916904116366059,0,recall,binary,0.7775177714142818,50,0.011600678841747114,Model13,xgb-wv-wv
57,4,8,1.8594767271119006e-7,4.783655458207856,0.3916904116366059,0,roc_auc,binary,0.9401923030228757,50,0.0027672653327467486,Model13,xgb-wv-wv
121,31,3,6.5992038273650855e-6,3.210301145892477e-10,0.12417804854921997,0,bal_accuracy,binary,0.8318895682828592,50,0.006422200146836475,Model14,xgb-wv-wv
121,31,3,6.5992038273650855e-6,3.210301145892477e-10,0.12417804854921997,0,f_meas,binary,0.39091027670019474,50,0.007651201185585865,Model14,xgb-wv-wv
121,31,3,6.5992038273650855e-6,3.210301145892477e-10,0.12417804854921997,0,kap,binary,0.31474468194768107,50,0.007494776768025847,Model14,xgb-wv-wv
121,31,3,6.5992038273650855e-6,3.210301145892477e-10,0.12417804854921997,0,npv,binary,0.9863734779948794,50,0.001543241856756612,Model14,xgb-wv-wv
121,31,3,6.5992038273650855e-6,3.210301145892477e-10,0.12417804854921997,0,ppv,binary,0.2557773295892474,50,0.006218951644091574,Model14,xgb-wv-wv
121,31,3,6.5992038273650855e-6,3.210301145892477e-10,0.12417804854921997,0,precision,binary,0.25577732958924737,50,0.006218951644091573,Model14,xgb-wv-wv
121,31,3,6.5992038273650855e-6,3.210301145892477e-10,0.12417804854921997,0,recall,binary,0.8622207600834473,50,0.01448875707504357,Model14,xgb-wv-wv
121,31,3,6.5992038273650855e-6,3.210301145892477e-10,0.12417804854921997,0,roc_auc,binary,0.913060435337279,50,0.0034252181116915426,Model14,xgb-wv-wv
39,13,12,6.561534730809233e-5,1.8547763810923594e-6,0.5061672371812165,0,bal_accuracy,binary,0.848287900085458,50,0.00581921412288363,Model15,xgb-wv-wv
39,13,12,6.561534730809233e-5,1.8547763810923594e-6,0.5061672371812165,0,f_meas,binary,0.5215533670482732,50,0.01050604094400484,Model15,xgb-wv-wv
39,13,12,6.561534730809233e-5,1.8547763810923594e-6,0.5061672371812165,0,kap,binary,0.4705485095048685,50,0.011016309654879037,Model15,xgb-wv-wv
39,13,12,6.561534730809233e-5,1.8547763810923594e-6,0.5061672371812165,0,npv,binary,0.9822048776796652,50,0.0010858123167220971,Model15,xgb-wv-wv
39,13,12,6.561534730809233e-5,1.8547763810923594e-6,0.5061672371812165,0,ppv,binary,0.3934126768739032,50,0.011014508697932216,Model15,xgb-wv-wv
39,13,12,6.561534730809233e-5,1.8547763810923594e-6,0.5061672371812165,0,precision,binary,0.39341267687390313,50,0.011014508697932216,Model15,xgb-wv-wv
39,13,12,6.561534730809233e-5,1.8547763810923594e-6,0.5061672371812165,0,recall,binary,0.7941416291663955,50,0.011447011545440552,Model15,xgb-wv-wv
39,13,12,6.561534730809233e-5,1.8547763810923594e-6,0.5061672371812165,0,roc_auc,binary,0.9334300250314256,50,0.003057795705066217,Model15,xgb-wv-wv
27,21,15,0.0011282138458960993,0.010036409823943226,0.7881899210307747,0,bal_accuracy,binary,0.839582999065346,50,0.006522652150248199,Model16,xgb-wv-wv
27,21,15,0.0011282138458960993,0.010036409823943226,0.7881899210307747,0,f_meas,binary,0.511369896488091,50,0.010501012429084597,Model16,xgb-wv-wv
27,21,15,0.0011282138458960993,0.010036409823943226,0.7881899210307747,0,kap,binary,0.45928881875585276,50,0.0110023869008394,Model16,xgb-wv-wv
27,21,15,0.0011282138458960993,0.010036409823943226,0.7881899210307747,0,npv,binary,0.9808981167599835,50,0.0011824157251851346,Model16,xgb-wv-wv
27,21,15,0.0011282138458960993,0.010036409823943226,0.7881899210307747,0,ppv,binary,0.38572363534326337,50,0.010504827421908348,Model16,xgb-wv-wv
27,21,15,0.0011282138458960993,0.010036409823943226,0.7881899210307747,0,precision,binary,0.38572363534326337,50,0.01050482742190835,Model16,xgb-wv-wv
27,21,15,0.0011282138458960993,0.010036409823943226,0.7881899210307747,0,recall,binary,0.77769699051434,50,0.01308418804408763,Model16,xgb-wv-wv
27,21,15,0.0011282138458960993,0.010036409823943226,0.7881899210307747,0,roc_auc,binary,0.9286758669601372,50,0.0032882660445298427,Model16,xgb-wv-wv
102,14,11,2.276580217579853e-9,2.3450766233268584e-5,0.29664980237651617,0,bal_accuracy,binary,0.8322337968726458,50,0.006079679765313473,Model17,xgb-wv-wv
102,14,11,2.276580217579853e-9,2.3450766233268584e-5,0.29664980237651617,0,f_meas,binary,0.5659915255620478,50,0.010924247387334864,Model17,xgb-wv-wv
102,14,11,2.276580217579853e-9,2.3450766233268584e-5,0.29664980237651617,0,kap,binary,0.5244120791527718,50,0.011590569249817039,Model17,xgb-wv-wv
102,14,11,2.276580217579853e-9,2.3450766233268584e-5,0.29664980237651617,0,npv,binary,0.9775102953087141,50,0.0012223978617047573,Model17,xgb-wv-wv
102,14,11,2.276580217579853e-9,2.3450766233268584e-5,0.29664980237651617,0,ppv,binary,0.47129708310308077,50,0.013177842871694934,Model17,xgb-wv-wv
102,14,11,2.276580217579853e-9,2.3450766233268584e-5,0.29664980237651617,0,precision,binary,0.4712970831030808,50,0.013177842871694934,Model17,xgb-wv-wv
102,14,11,2.276580217579853e-9,2.3450766233268584e-5,0.29664980237651617,0,recall,binary,0.7303519536750894,50,0.012604784915444209,Model17,xgb-wv-wv
102,14,11,2.276580217579853e-9,2.3450766233268584e-5,0.29664980237651617,0,roc_auc,binary,0.9332974807254819,50,0.00287941721907773,Model17,xgb-wv-wv
65,28,13,3.6429490148504697e-10,1.9448047495915928e-7,0.9097933431882411,0,bal_accuracy,binary,0.805854339342319,50,0.006139456725505324,Model18,xgb-wv-wv
65,28,13,3.6429490148504697e-10,1.9448047495915928e-7,0.9097933431882411,0,f_meas,binary,0.6059505668156658,50,0.010831440810487957,Model18,xgb-wv-wv
65,28,13,3.6429490148504697e-10,1.9448047495915928e-7,0.9097933431882411,0,kap,binary,0.5734243238153967,50,0.011500366526363161,Model18,xgb-wv-wv
65,28,13,3.6429490148504697e-10,1.9448047495915928e-7,0.9097933431882411,0,npv,binary,0.971875677985571,50,0.0012739600835753662,Model18,xgb-wv-wv
65,28,13,3.6429490148504697e-10,1.9448047495915928e-7,0.9097933431882411,0,ppv,binary,0.5795146718367011,50,0.015232893119640455,Model18,xgb-wv-wv
65,28,13,3.6429490148504697e-10,1.9448047495915928e-7,0.9097933431882411,0,precision,binary,0.5795146718367011,50,0.015232893119640458,Model18,xgb-wv-wv
65,28,13,3.6429490148504697e-10,1.9448047495915928e-7,0.9097933431882411,0,recall,binary,0.6495003179529169,50,0.012340970912355923,Model18,xgb-wv-wv
65,28,13,3.6429490148504697e-10,1.9448047495915928e-7,0.9097933431882411,0,roc_auc,binary,0.9320751165622907,50,0.0026316236532683847,Model18,xgb-wv-wv
110,9,5,5.059541970301537e-4,0.022378690828965514,0.15230882864259185,0,bal_accuracy,binary,0.8331126461954104,50,0.005914685392828024,Model19,xgb-wv-wv
110,9,5,5.059541970301537e-4,0.022378690828965514,0.15230882864259185,0,f_meas,binary,0.5311971496382941,50,0.010616710122503618,Model19,xgb-wv-wv
110,9,5,5.059541970301537e-4,0.022378690828965514,0.15230882864259185,0,kap,binary,0.48304994393044765,50,0.011387907138415627,Model19,xgb-wv-wv
110,9,5,5.059541970301537e-4,0.022378690828965514,0.15230882864259185,0,npv,binary,0.9787265409084029,50,0.0011328804636019424,Model19,xgb-wv-wv
110,9,5,5.059541970301537e-4,0.022378690828965514,0.15230882864259185,0,ppv,binary,0.41651012249736474,50,0.011525938898260951,Model19,xgb-wv-wv
110,9,5,5.059541970301537e-4,0.022378690828965514,0.15230882864259185,0,precision,binary,0.41651012249736474,50,0.011525938898260948,Model19,xgb-wv-wv
110,9,5,5.059541970301537e-4,0.022378690828965514,0.15230882864259185,0,recall,binary,0.7504153344645523,50,0.011305360594108848,Model19,xgb-wv-wv
110,9,5,5.059541970301537e-4,0.022378690828965514,0.15230882864259185,0,roc_auc,binary,0.9312657629995926,50,0.002953614413301152,Model19,xgb-wv-wv
71,20,6,0.0036449695775481582,26.98800943897,0.37927456786297264,0,bal_accuracy,binary,0.8321354522436326,50,0.0061089801503434495,Model20,xgb-wv-wv
71,20,6,0.0036449695775481582,26.98800943897,0.37927456786297264,0,f_meas,binary,0.5472043200688524,50,0.01062685116151929,Model20,xgb-wv-wv
71,20,6,0.0036449695775481582,26.98800943897,0.37927456786297264,0,kap,binary,0.5024141276644101,50,0.011264520555298769,Model20,xgb-wv-wv
71,20,6,0.0036449695775481582,26.98800943897,0.37927456786297264,0,npv,binary,0.9778854897867904,50,0.0012650764486232516,Model20,xgb-wv-wv
71,20,6,0.0036449695775481582,26.98800943897,0.37927456786297264,0,ppv,binary,0.4422743596930143,50,0.012514251150739139,Model20,xgb-wv-wv
71,20,6,0.0036449695775481582,26.98800943897,0.37927456786297264,0,precision,binary,0.4422743596930144,50,0.01251425115073914,Model20,xgb-wv-wv
71,20,6,0.0036449695775481582,26.98800943897,0.37927456786297264,0,recall,binary,0.7385515394208266,50,0.01221973610389682,Model20,xgb-wv-wv
71,20,6,0.0036449695775481582,26.98800943897,0.37927456786297264,0,roc_auc,binary,0.9361502046126986,50,0.0026569446375323312,Model20,xgb-wv-wv
35,26,7,8.960291858436781e-8,1.543555437733985e-9,0.8496821580026298,0,bal_accuracy,binary,0.8427768308352463,50,0.005591093505816459,Model21,xgb-wv-wv
35,26,7,8.960291858436781e-8,1.543555437733985e-9,0.8496821580026298,0,f_meas,binary,0.4900520383098637,50,0.010156253015936357,Model21,xgb-wv-wv
35,26,7,8.960291858436781e-8,1.543555437733985e-9,0.8496821580026298,0,kap,binary,0.4336312459119647,50,0.010523132789149113,Model21,xgb-wv-wv
35,26,7,8.960291858436781e-8,1.543555437733985e-9,0.8496821580026298,0,npv,binary,0.9825032625942453,50,0.0010295829370413772,Model21,xgb-wv-wv
35,26,7,8.960291858436781e-8,1.543555437733985e-9,0.8496821580026298,0,ppv,binary,0.35733186700456687,50,0.009973466771298272,Model21,xgb-wv-wv
35,26,7,8.960291858436781e-8,1.543555437733985e-9,0.8496821580026298,0,precision,binary,0.35733186700456687,50,0.009973466771298267,Model21,xgb-wv-wv
35,26,7,8.960291858436781e-8,1.543555437733985e-9,0.8496821580026298,0,recall,binary,0.8001433326196776,50,0.011111215270645618,Model21,xgb-wv-wv
35,26,7,8.960291858436781e-8,1.543555437733985e-9,0.8496821580026298,0,roc_auc,binary,0.9291383456169142,50,0.0032522155470826406,Model21,xgb-wv-wv
116,25,6,0.011245421249495265,1.252905939642624e-7,0.9602791476882995,0,bal_accuracy,binary,0.8284549262845067,50,0.006145934533366579,Model22,xgb-wv-wv
116,25,6,0.011245421249495265,1.252905939642624e-7,0.9602791476882995,0,f_meas,binary,0.606410586502481,50,0.010082845899089803,Model22,xgb-wv-wv
116,25,6,0.011245421249495265,1.252905939642624e-7,0.9602791476882995,0,kap,binary,0.5714252248691758,50,0.010755370249080442,Model22,xgb-wv-wv
116,25,6,0.011245421249495265,1.252905939642624e-7,0.9602791476882995,0,npv,binary,0.9757431579244824,50,0.0012782336466076476,Model22,xgb-wv-wv
116,25,6,0.011245421249495265,1.252905939642624e-7,0.9602791476882995,0,ppv,binary,0.5414786238359179,50,0.013439207481006741,Model22,xgb-wv-wv
116,25,6,0.011245421249495265,1.252905939642624e-7,0.9602791476882995,0,precision,binary,0.5414786238359179,50,0.013439207481006738,Model22,xgb-wv-wv
116,25,6,0.011245421249495265,1.252905939642624e-7,0.9602791476882995,0,recall,binary,0.7043936388242013,50,0.012417164688291595,Model22,xgb-wv-wv
116,25,6,0.011245421249495265,1.252905939642624e-7,0.9602791476882995,0,roc_auc,binary,0.938434511814936,50,0.0028718512042033117,Model22,xgb-wv-wv
54,10,1,0.0019224851683730321,1.158736203489801e-4,0.6905948216784745,0,bal_accuracy,binary,0.8303525869292162,50,0.005860536274502157,Model23,xgb-wv-wv
54,10,1,0.0019224851683730321,1.158736203489801e-4,0.6905948216784745,0,f_meas,binary,0.4517161285852358,50,0.009019209592026864,Model23,xgb-wv-wv
54,10,1,0.0019224851683730321,1.158736203489801e-4,0.6905948216784745,0,kap,binary,0.38886188761871465,50,0.00918751117604674,Model23,xgb-wv-wv
54,10,1,0.0019224851683730321,1.158736203489801e-4,0.6905948216784745,0,npv,binary,0.9814904233302337,50,0.0012360963355001094,Model23,xgb-wv-wv
54,10,1,0.0019224851683730321,1.158736203489801e-4,0.6905948216784745,0,ppv,binary,0.3189096604566167,50,0.008431998184254486,Model23,xgb-wv-wv
54,10,1,0.0019224851683730321,1.158736203489801e-4,0.6905948216784745,0,precision,binary,0.3189096604566167,50,0.008431998184254485,Model23,xgb-wv-wv
54,10,1,0.0019224851683730321,1.158736203489801e-4,0.6905948216784745,0,recall,binary,0.7948885275903569,50,0.011918100042417801,Model23,xgb-wv-wv
54,10,1,0.0019224851683730321,1.158736203489801e-4,0.6905948216784745,0,roc_auc,binary,0.9232389782523942,50,0.002890136254266198,Model23,xgb-wv-wv
1,34,12,8.592142764797568e-9,6.483705820454952e-7,0.2263833628119901,0,bal_accuracy,binary,0.8330440268764614,50,0.0054308114999000665,Model24,xgb-wv-wv
1,34,12,8.592142764797568e-9,6.483705820454952e-7,0.2263833628119901,0,f_meas,binary,0.4297761351518848,50,0.009047232130417613,Model24,xgb-wv-wv
1,34,12,8.592142764797568e-9,6.483705820454952e-7,0.2263833628119901,0,kap,binary,0.36171053082803933,50,0.00929637469249308,Model24,xgb-wv-wv
1,34,12,8.592142764797568e-9,6.483705820454952e-7,0.2263833628119901,0,npv,binary,0.9835524525025798,50,0.0010714421833132094,Model24,xgb-wv-wv
1,34,12,8.592142764797568e-9,6.483705820454952e-7,0.2263833628119901,0,ppv,binary,0.2935860187917369,50,0.007978129199103196,Model24,xgb-wv-wv
1,34,12,8.592142764797568e-9,6.483705820454952e-7,0.2263833628119901,0,precision,binary,0.2935860187917369,50,0.007978129199103194,Model24,xgb-wv-wv
1,34,12,8.592142764797568e-9,6.483705820454952e-7,0.2263833628119901,0,recall,binary,0.8240602735012265,50,0.010277764062898834,Model24,xgb-wv-wv
1,34,12,8.592142764797568e-9,6.483705820454952e-7,0.2263833628119901,0,roc_auc,binary,0.9105746615262197,50,0.003557119723767034,Model24,xgb-wv-wv
82,35,13,7.501438450705684e-7,0.003388545792345562,0.9917250691745431,0,bal_accuracy,binary,0.8399851858588344,50,0.005669224171551987,Model25,xgb-wv-wv
82,35,13,7.501438450705684e-7,0.003388545792345562,0.9917250691745431,0,f_meas,binary,0.568141200944761,50,0.010312091559516312,Model25,xgb-wv-wv
82,35,13,7.501438450705684e-7,0.003388545792345562,0.9917250691745431,0,kap,binary,0.5259741590886389,50,0.010966799252072662,Model25,xgb-wv-wv
82,35,13,7.501438450705684e-7,0.003388545792345562,0.9917250691745431,0,npv,binary,0.9788763229421392,50,0.0011408648378906814,Model25,xgb-wv-wv
82,35,13,7.501438450705684e-7,0.003388545792345562,0.9917250691745431,0,ppv,binary,0.4646242025872648,50,0.012507407839791705,Model25,xgb-wv-wv
82,35,13,7.501438450705684e-7,0.003388545792345562,0.9917250691745431,0,precision,binary,0.4646242025872648,50,0.012507407839791712,Model25,xgb-wv-wv
82,35,13,7.501438450705684e-7,0.003388545792345562,0.9917250691745431,0,recall,binary,0.7486112510714051,50,0.011143405006563934,Model25,xgb-wv-wv
82,35,13,7.501438450705684e-7,0.003388545792345562,0.9917250691745431,0,roc_auc,binary,0.9384406411877657,50,0.0026197273522629255,Model25,xgb-wv-wv
2,2,10,4.803485958941095e-4,1.5938905387918376e-6,0.9155906523689628,7,bal_accuracy,binary,0.6897197345874595,50,0.0073719623705333975,Model1,xgb-wv-wv
2,2,10,4.803485958941095e-4,1.5938905387918376e-6,0.9155906523689628,7,f_meas,binary,0.28115734878654614,50,0.008894392541711685,Model1,xgb-wv-wv
2,2,10,4.803485958941095e-4,1.5938905387918376e-6,0.9155906523689628,7,kap,binary,0.19271241665471414,50,0.008908719104863726,Model1,xgb-wv-wv
2,2,10,4.803485958941095e-4,1.5938905387918376e-6,0.9155906523689628,7,npv,binary,0.9603326756746347,50,0.0015857910349094128,Model1,xgb-wv-wv
2,2,10,4.803485958941095e-4,1.5938905387918376e-6,0.9155906523689628,7,ppv,binary,0.18713077484687712,50,0.006708815912361408,Model1,xgb-wv-wv
2,2,10,4.803485958941095e-4,1.5938905387918376e-6,0.9155906523689628,7,precision,binary,0.18713077484687712,50,0.006708815912361408,Model1,xgb-wv-wv
2,2,10,4.803485958941095e-4,1.5938905387918376e-6,0.9155906523689628,7,recall,binary,0.5796386316165153,50,0.013811650063980066,Model1,xgb-wv-wv
2,2,10,4.803485958941095e-4,1.5938905387918376e-6,0.9155906523689628,7,roc_auc,binary,0.780820541169691,50,0.0065885916635157835,Model1,xgb-wv-wv
2,4,14,2.0311010064488463e-10,1.71910601270041e-10,0.23022918938639575,38,bal_accuracy,binary,0.5,50,0,Model1,xgb-wv-wv
2,4,14,2.0311010064488463e-10,1.71910601270041e-10,0.23022918938639575,38,f_meas,binary,NaN,0,NA,Model1,xgb-wv-wv
2,4,14,2.0311010064488463e-10,1.71910601270041e-10,0.23022918938639575,38,kap,binary,0,50,0,Model1,xgb-wv-wv
2,4,14,2.0311010064488463e-10,1.71910601270041e-10,0.23022918938639575,38,npv,binary,0.9268095238095239,50,0.0018773216269748758,Model1,xgb-wv-wv
2,4,14,2.0311010064488463e-10,1.71910601270041e-10,0.23022918938639575,38,ppv,binary,NaN,0,NA,Model1,xgb-wv-wv
2,4,14,2.0311010064488463e-10,1.71910601270041e-10,0.23022918938639575,38,precision,binary,NaN,0,NA,Model1,xgb-wv-wv
2,4,14,2.0311010064488463e-10,1.71910601270041e-10,0.23022918938639575,38,recall,binary,0,50,0,Model1,xgb-wv-wv
2,4,14,2.0311010064488463e-10,1.71910601270041e-10,0.23022918938639575,38,roc_auc,binary,0.5008983284445623,50,2.266723754285156e-4,Model1,xgb-wv-wv
2,9,13,1.0437339943679115e-10,2.7006975741819046,0.2735427228196105,20,bal_accuracy,binary,0.5,50,0,Model1,xgb-wv-wv
2,9,13,1.0437339943679115e-10,2.7006975741819046,0.2735427228196105,20,f_meas,binary,NaN,0,NA,Model1,xgb-wv-wv
2,9,13,1.0437339943679115e-10,2.7006975741819046,0.2735427228196105,20,kap,binary,0,50,0,Model1,xgb-wv-wv
2,9,13,1.0437339943679115e-10,2.7006975741819046,0.2735427228196105,20,npv,binary,0.9268095238095239,50,0.0018773216269748758,Model1,xgb-wv-wv
2,9,13,1.0437339943679115e-10,2.7006975741819046,0.2735427228196105,20,ppv,binary,NaN,0,NA,Model1,xgb-wv-wv
2,9,13,1.0437339943679115e-10,2.7006975741819046,0.2735427228196105,20,precision,binary,NaN,0,NA,Model1,xgb-wv-wv
2,9,13,1.0437339943679115e-10,2.7006975741819046,0.2735427228196105,20,recall,binary,0,50,0,Model1,xgb-wv-wv
2,9,13,1.0437339943679115e-10,2.7006975741819046,0.2735427228196105,20,roc_auc,binary,0.5,50,0,Model1,xgb-wv-wv
2,35,1,4.7301963767257054e-4,9.601613905525722e-7,0.9607244159100856,14,bal_accuracy,binary,0.7907659435154294,50,0.006158191617241937,Model1,xgb-wv-wv
2,35,1,4.7301963767257054e-4,9.601613905525722e-7,0.9607244159100856,14,f_meas,binary,0.3482400146712881,50,0.007388538512909446,Model1,xgb-wv-wv
2,35,1,4.7301963767257054e-4,9.601613905525722e-7,0.9607244159100856,14,kap,binary,0.2648854158797434,50,0.00724549708633057,Model1,xgb-wv-wv
2,35,1,4.7301963767257054e-4,9.601613905525722e-7,0.9607244159100856,14,npv,binary,0.980473817276886,50,0.001321462685664893,Model1,xgb-wv-wv
2,35,1,4.7301963767257054e-4,9.601613905525722e-7,0.9607244159100856,14,ppv,binary,0.2239746944940539,50,0.005678282377271161,Model1,xgb-wv-wv
2,35,1,4.7301963767257054e-4,9.601613905525722e-7,0.9607244159100856,14,precision,binary,0.2239746944940539,50,0.005678282377271161,Model1,xgb-wv-wv
2,35,1,4.7301963767257054e-4,9.601613905525722e-7,0.9607244159100856,14,recall,binary,0.8019747368398538,50,0.012863283638876667,Model1,xgb-wv-wv
2,35,1,4.7301963767257054e-4,9.601613905525722e-7,0.9607244159100856,14,roc_auc,binary,0.8632557981819993,50,0.005226140604836354,Model1,xgb-wv-wv
2,39,15,7.047317050673978e-5,2.8219661777394153e-10,0.6103796075746837,41,bal_accuracy,binary,0.6901407175424411,50,0.008870339365900592,Model1,xgb-wv-wv
2,39,15,7.047317050673978e-5,2.8219661777394153e-10,0.6103796075746837,41,f_meas,binary,0.27287256835501167,50,0.008839934330457107,Model1,xgb-wv-wv
2,39,15,7.047317050673978e-5,2.8219661777394153e-10,0.6103796075746837,41,kap,binary,0.1816107938897057,50,0.0090226727615223,Model1,xgb-wv-wv
2,39,15,7.047317050673978e-5,2.8219661777394153e-10,0.6103796075746837,41,npv,binary,0.9609144614666765,50,0.001965900919099089,Model1,xgb-wv-wv
2,39,15,7.047317050673978e-5,2.8219661777394153e-10,0.6103796075746837,41,ppv,binary,0.17835554312726196,50,0.0063657898611269225,Model1,xgb-wv-wv
2,39,15,7.047317050673978e-5,2.8219661777394153e-10,0.6103796075746837,41,precision,binary,0.17835554312726196,50,0.006365789861126922,Model1,xgb-wv-wv
2,39,15,7.047317050673978e-5,2.8219661777394153e-10,0.6103796075746837,41,recall,binary,0.5976161587669796,50,0.017116653701829403,Model1,xgb-wv-wv
2,39,15,7.047317050673978e-5,2.8219661777394153e-10,0.6103796075746837,41,roc_auc,binary,0.7750450636637152,50,0.007070473697081942,Model1,xgb-wv-wv
3,34,13,0.04698703543487987,2.8689958537540395e-10,0.5716354073941149,26,bal_accuracy,binary,0.8116774618229892,50,0.00724881598226369,Model1,xgb-wv-wv
3,34,13,0.04698703543487987,2.8689958537540395e-10,0.5716354073941149,26,f_meas,binary,0.5346869045759388,50,0.011878243103559312,Model1,xgb-wv-wv
3,34,13,0.04698703543487987,2.8689958537540395e-10,0.5716354073941149,26,kap,binary,0.48970146420621935,50,0.012730034650309854,Model1,xgb-wv-wv
3,34,13,0.04698703543487987,2.8689958537540395e-10,0.5716354073941149,26,npv,binary,0.9745305785290709,50,0.0013384023321416447,Model1,xgb-wv-wv
3,34,13,0.04698703543487987,2.8689958537540395e-10,0.5716354073941149,26,ppv,binary,0.4439852859721646,50,0.013861211357396892,Model1,xgb-wv-wv
3,34,13,0.04698703543487987,2.8689958537540395e-10,0.5716354073941149,26,precision,binary,0.4439852859721646,50,0.013861211357396885,Model1,xgb-wv-wv
3,34,13,0.04698703543487987,2.8689958537540395e-10,0.5716354073941149,26,recall,binary,0.6935326162136284,50,0.014571642230333439,Model1,xgb-wv-wv
3,34,13,0.04698703543487987,2.8689958537540395e-10,0.5716354073941149,26,roc_auc,binary,0.9237827225844286,50,0.00374908291704921,Model1,xgb-wv-wv
4,3,15,3.009479916991343e-6,0.002725927926197935,0.9673819689634489,4,bal_accuracy,binary,0.7424631736839092,50,0.008189548259541851,Model1,xgb-wv-wv
4,3,15,3.009479916991343e-6,0.002725927926197935,0.9673819689634489,4,f_meas,binary,0.38062218916263046,50,0.011692491986198674,Model1,xgb-wv-wv
4,3,15,3.009479916991343e-6,0.002725927926197935,0.9673819689634489,4,kap,binary,0.3125408639611628,50,0.01244297879086923,Model1,xgb-wv-wv
4,3,15,3.009479916991343e-6,0.002725927926197935,0.9673819689634489,4,npv,binary,0.9659177731951375,50,0.0016422052453564213,Model1,xgb-wv-wv
4,3,15,3.009479916991343e-6,0.002725927926197935,0.9673819689634489,4,ppv,binary,0.2806049746380593,50,0.010232088057980841,Model1,xgb-wv-wv
4,3,15,3.009479916991343e-6,0.002725927926197935,0.9673819689634489,4,precision,binary,0.2806049746380593,50,0.010232088057980841,Model1,xgb-wv-wv
4,3,15,3.009479916991343e-6,0.002725927926197935,0.9673819689634489,4,recall,binary,0.6101959837121468,50,0.015332489151083742,Model1,xgb-wv-wv
4,3,15,3.009479916991343e-6,0.002725927926197935,0.9673819689634489,4,roc_auc,binary,0.853838169198725,50,0.005449347098667887,Model1,xgb-wv-wv
4,5,2,4.339003222082537e-7,1.8557597280483187e-10,0.45471985076555055,40,bal_accuracy,binary,0.8029016365246987,50,0.0056515132983954745,Model1,xgb-wv-wv
4,5,2,4.339003222082537e-7,1.8557597280483187e-10,0.45471985076555055,40,f_meas,binary,0.3548492737480328,50,0.007854494610491095,Model1,xgb-wv-wv
4,5,2,4.339003222082537e-7,1.8557597280483187e-10,0.45471985076555055,40,kap,binary,0.2722136789274173,50,0.007442246684507405,Model1,xgb-wv-wv
4,5,2,4.339003222082537e-7,1.8557597280483187e-10,0.45471985076555055,40,npv,binary,0.9832143008744496,50,0.001183188418339091,Model1,xgb-wv-wv
4,5,2,4.339003222082537e-7,1.8557597280483187e-10,0.45471985076555055,40,ppv,binary,0.22738025615362076,50,0.006026112032151488,Model1,xgb-wv-wv
4,5,2,4.339003222082537e-7,1.8557597280483187e-10,0.45471985076555055,40,precision,binary,0.22738025615362073,50,0.006026112032151488,Model1,xgb-wv-wv
4,5,2,4.339003222082537e-7,1.8557597280483187e-10,0.45471985076555055,40,recall,binary,0.8292317116055903,50,0.012137894927104138,Model1,xgb-wv-wv
4,5,2,4.339003222082537e-7,1.8557597280483187e-10,0.45471985076555055,40,roc_auc,binary,0.8821572800344362,50,0.0047426105923368085,Model1,xgb-wv-wv
4,5,2,0.08851115872528484,0.008162256737722402,0.307626500439588,21,bal_accuracy,binary,0.8092151868206067,50,0.006832501137435862,Model1,xgb-wv-wv
4,5,2,0.08851115872528484,0.008162256737722402,0.307626500439588,21,f_meas,binary,0.5781021025929353,50,0.01086081896272196,Model1,xgb-wv-wv
4,5,2,0.08851115872528484,0.008162256737722402,0.307626500439588,21,kap,binary,0.5410053293716922,50,0.011441917854567777,Model1,xgb-wv-wv
4,5,2,0.08851115872528484,0.008162256737722402,0.307626500439588,21,npv,binary,0.9730118212783575,50,0.001351518988262608,Model1,xgb-wv-wv
4,5,2,0.08851115872528484,0.008162256737722402,0.307626500439588,21,ppv,binary,0.5190064155117604,50,0.013366105941786902,Model1,xgb-wv-wv
4,5,2,0.08851115872528484,0.008162256737722402,0.307626500439588,21,precision,binary,0.5190064155117604,50,0.013366105941786902,Model1,xgb-wv-wv
4,5,2,0.08851115872528484,0.008162256737722402,0.307626500439588,21,recall,binary,0.6674258739131129,50,0.013907035502625464,Model1,xgb-wv-wv
4,5,2,0.08851115872528484,0.008162256737722402,0.307626500439588,21,roc_auc,binary,0.9325296224642112,50,0.00318410337790977,Model1,xgb-wv-wv
5,39,7,3.0706043477820296e-6,2.128190233114536e-10,0.7281345628265198,28,bal_accuracy,binary,0.786157332141455,50,0.0062754771794298544,Model1,xgb-wv-wv
5,39,7,3.0706043477820296e-6,2.128190233114536e-10,0.7281345628265198,28,f_meas,binary,0.35625857372309716,50,0.008681754189067048,Model1,xgb-wv-wv
5,39,7,3.0706043477820296e-6,2.128190233114536e-10,0.7281345628265198,28,kap,binary,0.2759117538712411,50,0.00841839826743927,Model1,xgb-wv-wv
5,39,7,3.0706043477820296e-6,2.128190233114536e-10,0.7281345628265198,28,npv,binary,0.9782437270920077,50,0.0012404006701894714,Model1,xgb-wv-wv
5,39,7,3.0706043477820296e-6,2.128190233114536e-10,0.7281345628265198,28,ppv,binary,0.2333651146522245,50,0.00681863824793358,Model1,xgb-wv-wv
5,39,7,3.0706043477820296e-6,2.128190233114536e-10,0.7281345628265198,28,precision,binary,0.2333651146522245,50,0.00681863824793358,Model1,xgb-wv-wv
5,39,7,3.0706043477820296e-6,2.128190233114536e-10,0.7281345628265198,28,recall,binary,0.7738242542560759,50,0.012459286148206527,Model1,xgb-wv-wv
5,39,7,3.0706043477820296e-6,2.128190233114536e-10,0.7281345628265198,28,roc_auc,binary,0.8671573764579427,50,0.005499121759807065,Model1,xgb-wv-wv
11,5,1,1.434556403000855e-9,1.6482364207561558e-9,0.10939473866538611,10,bal_accuracy,binary,0.7908242621879156,50,0.0060944295274870264,Model1,xgb-wv-wv
11,5,1,1.434556403000855e-9,1.6482364207561558e-9,0.10939473866538611,10,f_meas,binary,0.44984011516986516,50,0.010065055981182633,Model1,xgb-wv-wv
11,5,1,1.434556403000855e-9,1.6482364207561558e-9,0.10939473866538611,10,kap,binary,0.3908386444373026,50,0.010344459157946066,Model1,xgb-wv-wv
11,5,1,1.434556403000855e-9,1.6482364207561558e-9,0.10939473866538611,10,npv,binary,0.9733881942388148,50,0.0011370495149364945,Model1,xgb-wv-wv
11,5,1,1.434556403000855e-9,1.6482364207561558e-9,0.10939473866538611,10,ppv,binary,0.33744773801975775,50,0.009589749885540335,Model1,xgb-wv-wv
11,5,1,1.434556403000855e-9,1.6482364207561558e-9,0.10939473866538611,10,precision,binary,0.33744773801975775,50,0.009589749885540335,Model1,xgb-wv-wv
11,5,1,1.434556403000855e-9,1.6482364207561558e-9,0.10939473866538611,10,recall,binary,0.6889485414884707,50,0.012099741185009253,Model1,xgb-wv-wv
11,5,1,1.434556403000855e-9,1.6482364207561558e-9,0.10939473866538611,10,roc_auc,binary,0.899863054488327,50,0.0030868189613973904,Model1,xgb-wv-wv
13,2,15,0.010170820288680304,0.4708756707842519,0.10982644448433072,12,bal_accuracy,binary,0.8197499862325092,50,0.006673873381899761,Model1,xgb-wv-wv
13,2,15,0.010170820288680304,0.4708756707842519,0.10982644448433072,12,f_meas,binary,0.552474576523288,50,0.011859708924215919,Model1,xgb-wv-wv
13,2,15,0.010170820288680304,0.4708756707842519,0.10982644448433072,12,kap,binary,0.5097657610521985,50,0.012671311649451325,Model1,xgb-wv-wv
13,2,15,0.010170820288680304,0.4708756707842519,0.10982644448433072,12,npv,binary,0.9755827387918566,50,0.0012624312320775701,Model1,xgb-wv-wv
13,2,15,0.010170820288680304,0.4708756707842519,0.10982644448433072,12,ppv,binary,0.4628221202370138,50,0.01404032946109007,Model1,xgb-wv-wv
13,2,15,0.010170820288680304,0.4708756707842519,0.10982644448433072,12,precision,binary,0.4628221202370138,50,0.014040329461090071,Model1,xgb-wv-wv
13,2,15,0.010170820288680304,0.4708756707842519,0.10982644448433072,12,recall,binary,0.7054117779389415,50,0.013223034060883574,Model1,xgb-wv-wv
13,2,15,0.010170820288680304,0.4708756707842519,0.10982644448433072,12,roc_auc,binary,0.9308988452922262,50,0.0033899022695920308,Model1,xgb-wv-wv
13,37,1,0.04224831806502568,27.77611767911513,0.6264211543895164,37,bal_accuracy,binary,0.826191149463681,50,0.006262914519428411,Model1,xgb-wv-wv
13,37,1,0.04224831806502568,27.77611767911513,0.6264211543895164,37,f_meas,binary,0.5262456189803263,50,0.010321920563004747,Model1,xgb-wv-wv
13,37,1,0.04224831806502568,27.77611767911513,0.6264211543895164,37,kap,binary,0.4783968202940246,50,0.010844591511449973,Model1,xgb-wv-wv
13,37,1,0.04224831806502568,27.77611767911513,0.6264211543895164,37,npv,binary,0.9774203535516981,50,0.0012678524774203917,Model1,xgb-wv-wv
13,37,1,0.04224831806502568,27.77611767911513,0.6264211543895164,37,ppv,binary,0.41639224309820416,50,0.011452037275454243,Model1,xgb-wv-wv
13,37,1,0.04224831806502568,27.77611767911513,0.6264211543895164,37,precision,binary,0.41639224309820416,50,0.011452037275454243,Model1,xgb-wv-wv
13,37,1,0.04224831806502568,27.77611767911513,0.6264211543895164,37,recall,binary,0.733856438843572,50,0.01261799168088856,Model1,xgb-wv-wv
13,37,1,0.04224831806502568,27.77611767911513,0.6264211543895164,37,roc_auc,binary,0.9357162096895819,50,0.0025702229449793973,Model1,xgb-wv-wv
22,2,2,1.6109840897877952e-5,7.852774632302832e-9,0.8598877263182635,32,bal_accuracy,binary,0.8358076387441435,50,0.004806671906844144,Model1,xgb-wv-wv
22,2,2,1.6109840897877952e-5,7.852774632302832e-9,0.8598877263182635,32,f_meas,binary,0.4232003161415534,50,0.009576154421116659,Model1,xgb-wv-wv
22,2,2,1.6109840897877952e-5,7.852774632302832e-9,0.8598877263182635,32,kap,binary,0.3538217919137408,50,0.009502458108288796,Model1,xgb-wv-wv
22,2,2,1.6109840897877952e-5,7.852774632302832e-9,0.8598877263182635,32,npv,binary,0.9850324293616484,50,8.939864405122237e-4,Model1,xgb-wv-wv
22,2,2,1.6109840897877952e-5,7.852774632302832e-9,0.8598877263182635,32,ppv,binary,0.2859774613836101,50,0.00834750106929737,Model1,xgb-wv-wv
22,2,2,1.6109840897877952e-5,7.852774632302832e-9,0.8598877263182635,32,precision,binary,0.2859774613836101,50,0.00834750106929737,Model1,xgb-wv-wv
22,2,2,1.6109840897877952e-5,7.852774632302832e-9,0.8598877263182635,32,recall,binary,0.8381249031014721,50,0.009606521253963303,Model1,xgb-wv-wv
22,2,2,1.6109840897877952e-5,7.852774632302832e-9,0.8598877263182635,32,roc_auc,binary,0.9174941445595108,50,0.003429476502062231,Model1,xgb-wv-wv
23,40,14,6.978248733809394e-8,0.2803163301804181,0.9959186845172383,15,bal_accuracy,binary,0.8282355468787403,50,0.005760253594315509,Model1,xgb-wv-wv
23,40,14,6.978248733809394e-8,0.2803163301804181,0.9959186845172383,15,f_meas,binary,0.44457714558149486,50,0.009255318022675289,Model1,xgb-wv-wv
23,40,14,6.978248733809394e-8,0.2803163301804181,0.9959186845172383,15,kap,binary,0.38047256317060496,50,0.00924511403644328,Model1,xgb-wv-wv
23,40,14,6.978248733809394e-8,0.2803163301804181,0.9959186845172383,15,npv,binary,0.981729708785816,50,0.0011086229702257974,Model1,xgb-wv-wv
23,40,14,6.978248733809394e-8,0.2803163301804181,0.9959186845172383,15,ppv,binary,0.3116671086547412,50,0.008306949414397857,Model1,xgb-wv-wv
23,40,14,6.978248733809394e-8,0.2803163301804181,0.9959186845172383,15,precision,binary,0.3116671086547412,50,0.008306949414397856,Model1,xgb-wv-wv
23,40,14,6.978248733809394e-8,0.2803163301804181,0.9959186845172383,15,recall,binary,0.7957494204042551,50,0.011960075444636075,Model1,xgb-wv-wv
23,40,14,6.978248733809394e-8,0.2803163301804181,0.9959186845172383,15,roc_auc,binary,0.9178736104293437,50,0.0035949549275279065,Model1,xgb-wv-wv
40,4,15,8.339560842079711e-9,2.628358180228878e-7,0.532437082632468,48,bal_accuracy,binary,0.8366954102892219,50,0.005988625926064789,Model1,xgb-wv-wv
40,4,15,8.339560842079711e-9,2.628358180228878e-7,0.532437082632468,48,f_meas,binary,0.5624007417129726,50,0.01039167188581708,Model1,xgb-wv-wv
40,4,15,8.339560842079711e-9,2.628358180228878e-7,0.532437082632468,48,kap,binary,0.5196590255809892,50,0.010935500809510725,Model1,xgb-wv-wv
40,4,15,8.339560842079711e-9,2.628358180228878e-7,0.532437082632468,48,npv,binary,0.9784950841201816,50,0.0011527283091701747,Model1,xgb-wv-wv
40,4,15,8.339560842079711e-9,2.628358180228878e-7,0.532437082632468,48,ppv,binary,0.45859560167719843,50,0.011734836654823142,Model1,xgb-wv-wv
40,4,15,8.339560842079711e-9,2.628358180228878e-7,0.532437082632468,48,precision,binary,0.45859560167719843,50,0.011734836654823142,Model1,xgb-wv-wv
40,4,15,8.339560842079711e-9,2.628358180228878e-7,0.532437082632468,48,recall,binary,0.7428983329181488,50,0.011881112234832467,Model1,xgb-wv-wv
40,4,15,8.339560842079711e-9,2.628358180228878e-7,0.532437082632468,48,roc_auc,binary,0.9358844791821898,50,0.0030274724539946295,Model1,xgb-wv-wv
41,39,15,5.355851054228617e-6,6.170612023557032e-4,0.4410503874447197,47,bal_accuracy,binary,0.8504584870357464,50,0.004799031388742984,Model1,xgb-wv-wv
41,39,15,5.355851054228617e-6,6.170612023557032e-4,0.4410503874447197,47,f_meas,binary,0.4875381904415093,50,0.009789278413042977,Model1,xgb-wv-wv
41,39,15,5.355851054228617e-6,6.170612023557032e-4,0.4410503874447197,47,kap,binary,0.4299467526498206,50,0.010111517932111694,Model1,xgb-wv-wv
41,39,15,5.355851054228617e-6,6.170612023557032e-4,0.4410503874447197,47,npv,binary,0.9841686050162977,50,9.305263591459357e-4,Model1,xgb-wv-wv
41,39,15,5.355851054228617e-6,6.170612023557032e-4,0.4410503874447197,47,ppv,binary,0.35054175042226854,50,0.009622308913697227,Model1,xgb-wv-wv
41,39,15,5.355851054228617e-6,6.170612023557032e-4,0.4410503874447197,47,precision,binary,0.35054175042226854,50,0.009622308913697227,Model1,xgb-wv-wv
41,39,15,5.355851054228617e-6,6.170612023557032e-4,0.4410503874447197,47,recall,binary,0.8222344703395877,50,0.009364044900917948,Model1,xgb-wv-wv
41,39,15,5.355851054228617e-6,6.170612023557032e-4,0.4410503874447197,47,roc_auc,binary,0.9312671552725615,50,0.0029388778968522846,Model1,xgb-wv-wv
49,8,15,0.02723532129916672,8.50787388129661e-8,0.17773428224856036,19,bal_accuracy,binary,0.8280893041320919,50,0.006412276113526749,Model1,xgb-wv-wv
49,8,15,0.02723532129916672,8.50787388129661e-8,0.17773428224856036,19,f_meas,binary,0.5914043834280434,50,0.009814034959093743,Model1,xgb-wv-wv
49,8,15,0.02723532129916672,8.50787388129661e-8,0.17773428224856036,19,kap,binary,0.5541608228775972,50,0.010495819309304622,Model1,xgb-wv-wv
49,8,15,0.02723532129916672,8.50787388129661e-8,0.17773428224856036,19,npv,binary,0.9759054449268455,50,0.0013596645937702496,Model1,xgb-wv-wv
49,8,15,0.02723532129916672,8.50787388129661e-8,0.17773428224856036,19,ppv,binary,0.5163273763184739,50,0.01258933680445744,Model1,xgb-wv-wv
49,8,15,0.02723532129916672,8.50787388129661e-8,0.17773428224856036,19,precision,binary,0.5163273763184739,50,0.012589336804457438,Model1,xgb-wv-wv
49,8,15,0.02723532129916672,8.50787388129661e-8,0.17773428224856036,19,recall,binary,0.7090492471729091,50,0.01304389600032869,Model1,xgb-wv-wv
49,8,15,0.02723532129916672,8.50787388129661e-8,0.17773428224856036,19,roc_auc,binary,0.940988776946041,50,0.0028922338978575263,Model1,xgb-wv-wv
50,38,15,4.306765363694134e-10,9.7829848322096e-7,0.12292626823938918,3,bal_accuracy,binary,0.7589332821138033,50,0.007063002245397832,Model1,xgb-wv-wv
50,38,15,4.306765363694134e-10,9.7829848322096e-7,0.12292626823938918,3,f_meas,binary,0.5039017782749409,50,0.011532624844051676,Model1,xgb-wv-wv
50,38,15,4.306765363694134e-10,9.7829848322096e-7,0.12292626823938918,3,kap,binary,0.46105596494015316,50,0.012355814345098831,Model1,xgb-wv-wv
50,38,15,4.306765363694134e-10,9.7829848322096e-7,0.12292626823938918,3,npv,binary,0.9652192647405469,50,0.001618918025195944,Model1,xgb-wv-wv
50,38,15,4.306765363694134e-10,9.7829848322096e-7,0.12292626823938918,3,ppv,binary,0.46602451278041085,50,0.015476453770380608,Model1,xgb-wv-wv
50,38,15,4.306765363694134e-10,9.7829848322096e-7,0.12292626823938918,3,precision,binary,0.4660245127804108,50,0.0154764537703806,Model1,xgb-wv-wv
50,38,15,4.306765363694134e-10,9.7829848322096e-7,0.12292626823938918,3,recall,binary,0.5714182068756037,50,0.014501797402627253,Model1,xgb-wv-wv
50,38,15,4.306765363694134e-10,9.7829848322096e-7,0.12292626823938918,3,roc_auc,binary,0.9082677047909734,50,0.0035023907538818846,Model1,xgb-wv-wv
51,36,1,6.897573213190313e-6,1.0351767072086237e-8,0.6744146776017966,42,bal_accuracy,binary,0.7976497907049472,50,0.009443611537298082,Model1,xgb-wv-wv
51,36,1,6.897573213190313e-6,1.0351767072086237e-8,0.6744146776017966,42,f_meas,binary,0.4271380584420974,50,0.00889103558202813,Model1,xgb-wv-wv
51,36,1,6.897573213190313e-6,1.0351767072086237e-8,0.6744146776017966,42,kap,binary,0.3641680360056549,50,0.009127159009956157,Model1,xgb-wv-wv
51,36,1,6.897573213190313e-6,1.0351767072086237e-8,0.6744146776017966,42,npv,binary,0.9754308360006532,50,0.0020799560644646836,Model1,xgb-wv-wv
51,36,1,6.897573213190313e-6,1.0351767072086237e-8,0.6744146776017966,42,ppv,binary,0.3170745781804185,50,0.00991757078845106,Model1,xgb-wv-wv
51,36,1,6.897573213190313e-6,1.0351767072086237e-8,0.6744146776017966,42,precision,binary,0.3170745781804185,50,0.00991757078845106,Model1,xgb-wv-wv
51,36,1,6.897573213190313e-6,1.0351767072086237e-8,0.6744146776017966,42,recall,binary,0.7228888252122994,50,0.022635660625671426,Model1,xgb-wv-wv
51,36,1,6.897573213190313e-6,1.0351767072086237e-8,0.6744146776017966,42,roc_auc,binary,0.9112698469119783,50,0.0030444795953004033,Model1,xgb-wv-wv
63,33,2,0.030934684304007202,1.4792200927367783e-10,0.2832310171181429,36,bal_accuracy,binary,0.8485318953231875,50,0.005799779597170889,Model1,xgb-wv-wv
63,33,2,0.030934684304007202,1.4792200927367783e-10,0.2832310171181429,36,f_meas,binary,0.5503493804948165,50,0.009666136769807432,Model1,xgb-wv-wv
63,33,2,0.030934684304007202,1.4792200927367783e-10,0.2832310171181429,36,kap,binary,0.5044455978005629,50,0.010244148904347087,Model1,xgb-wv-wv
63,33,2,0.030934684304007202,1.4792200927367783e-10,0.2832310171181429,36,npv,binary,0.9809431404931243,50,0.0012300111647093044,Model1,xgb-wv-wv
63,33,2,0.030934684304007202,1.4792200927367783e-10,0.2832310171181429,36,ppv,binary,0.432160909764669,50,0.011144066122207053,Model1,xgb-wv-wv
63,33,2,0.030934684304007202,1.4792200927367783e-10,0.2832310171181429,36,precision,binary,0.432160909764669,50,0.011144066122207053,Model1,xgb-wv-wv
63,33,2,0.030934684304007202,1.4792200927367783e-10,0.2832310171181429,36,recall,binary,0.7783425864518154,50,0.011832790227518654,Model1,xgb-wv-wv
63,33,2,0.030934684304007202,1.4792200927367783e-10,0.2832310171181429,36,roc_auc,binary,0.9340305468779982,50,0.003131720453026166,Model1,xgb-wv-wv
65,4,2,1.6973622649908183e-10,8.575752499125807,0.7788428786558751,27,bal_accuracy,binary,0.6770340794738322,50,0.006766332082931321,Model1,xgb-wv-wv
65,4,2,1.6973622649908183e-10,8.575752499125807,0.7788428786558751,27,f_meas,binary,0.47287269875681165,50,0.014438864657458287,Model1,xgb-wv-wv
65,4,2,1.6973622649908183e-10,8.575752499125807,0.7788428786558751,27,kap,binary,0.44513912605771017,50,0.014928518591370593,Model1,xgb-wv-wv
65,4,2,1.6973622649908183e-10,8.575752499125807,0.7788428786558751,27,npv,binary,0.9517268383887841,50,0.0016532332757764796,Model1,xgb-wv-wv
65,4,2,1.6973622649908183e-10,8.575752499125807,0.7788428786558751,27,ppv,binary,0.6892542210111869,50,0.02195510790773382,Model1,xgb-wv-wv
65,4,2,1.6973622649908183e-10,8.575752499125807,0.7788428786558751,27,precision,binary,0.6892542210111869,50,0.021955107907733824,Model1,xgb-wv-wv
65,4,2,1.6973622649908183e-10,8.575752499125807,0.7788428786558751,27,recall,binary,0.3675568206202002,50,0.013329059334411024,Model1,xgb-wv-wv
65,4,2,1.6973622649908183e-10,8.575752499125807,0.7788428786558751,27,roc_auc,binary,0.8863867632893266,50,0.004277054929948382,Model1,xgb-wv-wv
67,21,10,5.363456665742435e-8,1.5042331385239043e-6,0.8965724029254029,17,bal_accuracy,binary,0.8438247145166163,50,0.00588782093630524,Model1,xgb-wv-wv
67,21,10,5.363456665742435e-8,1.5042331385239043e-6,0.8965724029254029,17,f_meas,binary,0.5602172748101807,50,0.010800067508940903,Model1,xgb-wv-wv
67,21,10,5.363456665742435e-8,1.5042331385239043e-6,0.8965724029254029,17,kap,binary,0.516421112799277,50,0.011425655639125069,Model1,xgb-wv-wv
67,21,10,5.363456665742435e-8,1.5042331385239043e-6,0.8965724029254029,17,npv,binary,0.9799408749343927,50,0.0011058344357707899,Model1,xgb-wv-wv
67,21,10,5.363456665742435e-8,1.5042331385239043e-6,0.8965724029254029,17,ppv,binary,0.44878675470459345,50,0.012107847801702655,Model1,xgb-wv-wv
67,21,10,5.363456665742435e-8,1.5042331385239043e-6,0.8965724029254029,17,precision,binary,0.4487867547045934,50,0.012107847801702657,Model1,xgb-wv-wv
67,21,10,5.363456665742435e-8,1.5042331385239043e-6,0.8965724029254029,17,recall,binary,0.7618841613409337,50,0.011433475351454649,Model1,xgb-wv-wv
67,21,10,5.363456665742435e-8,1.5042331385239043e-6,0.8965724029254029,17,roc_auc,binary,0.9403025195976631,50,0.002696580870306182,Model1,xgb-wv-wv
68,40,1,3.7771167578771754e-4,0.9631690732944278,0.12612092432189734,13,bal_accuracy,binary,0.8207155825998551,50,0.0084155856726902609,Model1,xgb-wv-wv
68,40,1,3.7771167578771754e-4,0.9631690732944278,0.12612092432189734,13,f_meas,binary,0.43464999563343376,50,0.009992377689050695,Model1,xgb-wv-wv
68,40,1,3.7771167578771754e-4,0.9631690732944278,0.12612092432189734,13,kap,binary,0.3698990302281996,50,0.010363348661088503,Model1,xgb-wv-wv
68,40,1,3.7771167578771754e-4,0.9631690732944278,0.12612092432189734,13,npv,binary,0.98000758408301,50,0.0018890582215173141,Model1,xgb-wv-wv
68,40,1,3.7771167578771754e-4,0.9631690732944278,0.12612092432189734,13,ppv,binary,0.3072088436574599,50,0.008869234174635324,Model1,xgb-wv-wv
68,40,1,3.7771167578771754e-4,0.9631690732944278,0.12612092432189734,13,precision,binary,0.30720884365745993,50,0.008869234174635325,Model1,xgb-wv-wv
68,40,1,3.7771167578771754e-4,0.9631690732944278,0.12612092432189734,13,recall,binary,0.781408194773505,50,0.01844325821120645,Model1,xgb-wv-wv
68,40,1,3.7771167578771754e-4,0.9631690732944278,0.12612092432189734,13,roc_auc,binary,0.9163011558315861,50,0.0031460057832028232,Model1,xgb-wv-wv
72,6,12,9.018828527085784e-10,1.5541954767227486e-6,0.9426447219190282,34,bal_accuracy,binary,0.8126526031030873,50,0.006103769380064071,Model1,xgb-wv-wv
72,6,12,9.018828527085784e-10,1.5541954767227486e-6,0.9426447219190282,34,f_meas,binary,0.6017572509000884,50,0.010686797292586382,Model1,xgb-wv-wv
72,6,12,9.018828527085784e-10,1.5541954767227486e-6,0.9426447219190282,34,kap,binary,0.5677767523628398,50,0.011396129469071719,Model1,xgb-wv-wv
72,6,12,9.018828527085784e-10,1.5541954767227486e-6,0.9426447219190282,34,npv,binary,0.9730983838602927,50,0.0012808692163397085,Model1,xgb-wv-wv
72,6,12,9.018828527085784e-10,1.5541954767227486e-6,0.9426447219190282,34,ppv,binary,0.5592066628579372,50,0.015365146444370568,Model1,xgb-wv-wv
72,6,12,9.018828527085784e-10,1.5541954767227486e-6,0.9426447219190282,34,precision,binary,0.5592066628579372,50,0.015365146444370566,Model1,xgb-wv-wv
72,6,12,9.018828527085784e-10,1.5541954767227486e-6,0.9426447219190282,34,recall,binary,0.6676065308067423,50,0.012314093336010308,Model1,xgb-wv-wv
72,6,12,9.018828527085784e-10,1.5541954767227486e-6,0.9426447219190282,34,roc_auc,binary,0.9406890532395075,50,0.002807191840841997,Model1,xgb-wv-wv
74,33,1,2.8917731125070893e-7,1.756881132485084e-8,0.11611112476238981,35,bal_accuracy,binary,0.7856339244827989,50,0.011111153561442655,Model1,xgb-wv-wv
74,33,1,2.8917731125070893e-7,1.756881132485084e-8,0.11611112476238981,35,f_meas,binary,0.40715210362235843,50,0.010361078003103878,Model1,xgb-wv-wv
74,33,1,2.8917731125070893e-7,1.756881132485084e-8,0.11611112476238981,35,kap,binary,0.34183637070432354,50,0.010507048449458996,Model1,xgb-wv-wv
74,33,1,2.8917731125070893e-7,1.756881132485084e-8,0.11611112476238981,35,npv,binary,0.9740412934694876,50,0.00232209484863391,Model1,xgb-wv-wv
74,33,1,2.8917731125070893e-7,1.756881132485084e-8,0.11611112476238981,35,ppv,binary,0.2991374918856253,50,0.009477370732025835,Model1,xgb-wv-wv
74,33,1,2.8917731125070893e-7,1.756881132485084e-8,0.11611112476238981,35,precision,binary,0.2991374918856253,50,0.009477370732025836,Model1,xgb-wv-wv
74,33,1,2.8917731125070893e-7,1.756881132485084e-8,0.11611112476238981,35,recall,binary,0.7045214418426142,50,0.026535328376341337,Model1,xgb-wv-wv
74,33,1,2.8917731125070893e-7,1.756881132485084e-8,0.11611112476238981,35,roc_auc,binary,0.9124980841882825,50,0.0033146148505891885,Model1,xgb-wv-wv
75,2,15,3.9878374542148665e-10,3.902970210209884e-10,0.27200682380618524,31,bal_accuracy,binary,0.7939534692628181,50,0.007096779979234984,Model1,xgb-wv-wv
75,2,15,3.9878374542148665e-10,3.902970210209884e-10,0.27200682380618524,31,f_meas,binary,0.6050277922026795,50,0.011696947056734554,Model1,xgb-wv-wv
75,2,15,3.9878374542148665e-10,3.902970210209884e-10,0.27200682380618524,31,kap,binary,0.5739300565426562,50,0.012406868508431037,Model1,xgb-wv-wv
75,2,15,3.9878374542148665e-10,3.902970210209884e-10,0.27200682380618524,31,npv,binary,0.9697963762974391,50,0.0014054728133391077,Model1,xgb-wv-wv
75,2,15,3.9878374542148665e-10,3.902970210209884e-10,0.27200682380618524,31,ppv,binary,0.6035438609366108,50,0.015893880102513355,Model1,xgb-wv-wv
75,2,15,3.9878374542148665e-10,3.902970210209884e-10,0.27200682380618524,31,precision,binary,0.6035438609366108,50,0.015893880102513358,Model1,xgb-wv-wv
75,2,15,3.9878374542148665e-10,3.902970210209884e-10,0.27200682380618524,31,recall,binary,0.6205328520154579,50,0.014271233659022543,Model1,xgb-wv-wv
75,2,15,3.9878374542148665e-10,3.902970210209884e-10,0.27200682380618524,31,roc_auc,binary,0.9342950844275181,50,0.00317722032181614,Model1,xgb-wv-wv
77,3,14,1.8208521482540938e-4,0.04650042353874043,0.6094686585524399,39,bal_accuracy,binary,0.8304189177152449,50,0.006262778880226443,Model1,xgb-wv-wv
77,3,14,1.8208521482540938e-4,0.04650042353874043,0.6094686585524399,39,f_meas,binary,0.5980353226418239,50,0.010575575833153925,Model1,xgb-wv-wv
77,3,14,1.8208521482540938e-4,0.04650042353874043,0.6094686585524399,39,kap,binary,0.5617028887934732,50,0.011217525488235102,Model1,xgb-wv-wv
77,3,14,1.8208521482540938e-4,0.04650042353874043,0.6094686585524399,39,npv,binary,0.9763785978022979,50,0.0012564327486220292,Model1,xgb-wv-wv
77,3,14,1.8208521482540938e-4,0.04650042353874043,0.6094686585524399,39,ppv,binary,0.5243398380709168,50,0.013766917133947761,Model1,xgb-wv-wv
77,3,14,1.8208521482540938e-4,0.04650042353874043,0.6094686585524399,39,precision,binary,0.5243398380709167,50,0.013766917133947752,Model1,xgb-wv-wv
77,3,14,1.8208521482540938e-4,0.04650042353874043,0.6094686585524399,39,recall,binary,0.712174925862984,50,0.012644618546874849,Model1,xgb-wv-wv
77,3,14,1.8208521482540938e-4,0.04650042353874043,0.6094686585524399,39,roc_auc,binary,0.9433534128275385,50,0.002596509031761959,Model1,xgb-wv-wv
80,25,14,0.05673581730116268,3.2644059113180006,0.972113959980691,8,bal_accuracy,binary,0.8231918327731581,50,0.0063733407377067975,Model1,xgb-wv-wv
80,25,14,0.05673581730116268,3.2644059113180006,0.972113959980691,8,f_meas,binary,0.6062785782617923,50,0.009328345471818808,Model1,xgb-wv-wv
80,25,14,0.05673581730116268,3.2644059113180006,0.972113959980691,8,kap,binary,0.571919791008295,50,0.00989748752417677,Model1,xgb-wv-wv
80,25,14,0.05673581730116268,3.2644059113180006,0.972113959980691,8,npv,binary,0.9747508316604004,50,0.0013576080421510502,Model1,xgb-wv-wv
80,25,14,0.05673581730116268,3.2644059113180006,0.972113959980691,8,ppv,binary,0.549716899144188,50,0.012553899954711338,Model1,xgb-wv-wv
80,25,14,0.05673581730116268,3.2644059113180006,0.972113959980691,8,precision,binary,0.5497168991441879,50,0.012553899954711328,Model1,xgb-wv-wv
80,25,14,0.05673581730116268,3.2644059113180006,0.972113959980691,8,recall,binary,0.6912898640549092,50,0.01310905346899062,Model1,xgb-wv-wv
80,25,14,0.05673581730116268,3.2644059113180006,0.972113959980691,8,roc_auc,binary,0.9401392529536009,50,0.0027892431118595852,Model1,xgb-wv-wv
85,36,1,2.45262130931231e-10,8.519462454313657e-9,0.9310631733895046,30,bal_accuracy,binary,0.7132213221241492,50,0.006807891213799131,Model1,xgb-wv-wv
85,36,1,2.45262130931231e-10,8.519462454313657e-9,0.9310631733895046,30,f_meas,binary,0.44640675395672874,50,0.01243321447476169,Model1,xgb-wv-wv
85,36,1,2.45262130931231e-10,8.519462454313657e-9,0.9310631733895046,30,kap,binary,0.40097816077959725,50,0.013664767341776712,Model1,xgb-wv-wv
85,36,1,2.45262130931231e-10,8.519462454313657e-9,0.9310631733895046,30,npv,binary,0.9581368351423417,50,0.0017408900508623394,Model1,xgb-wv-wv
85,36,1,2.45262130931231e-10,8.519462454313657e-9,0.9310631733895046,30,ppv,binary,0.4485329426778293,50,0.020147450043911764,Model1,xgb-wv-wv
85,36,1,2.45262130931231e-10,8.519462454313657e-9,0.9310631733895046,30,precision,binary,0.4485329426778293,50,0.020147450043911764,Model1,xgb-wv-wv
85,36,1,2.45262130931231e-10,8.519462454313657e-9,0.9310631733895046,30,recall,binary,0.4795571215474514,50,0.014789651335285965,Model1,xgb-wv-wv
85,36,1,2.45262130931231e-10,8.519462454313657e-9,0.9310631733895046,30,roc_auc,binary,0.7564085962999538,50,0.011574026638992487,Model1,xgb-wv-wv
87,15,8,0.03427841321235519,0.058880158975839356,0.9175606697353953,1,bal_accuracy,binary,0.8146172367759195,50,0.006156743584456126,Model1,xgb-wv-wv
87,15,8,0.03427841321235519,0.058880158975839356,0.9175606697353953,1,f_meas,binary,0.6160385540162058,50,0.008871752064471487,Model1,xgb-wv-wv
87,15,8,0.03427841321235519,0.058880158975839356,0.9175606697353953,1,kap,binary,0.5839190033062155,50,0.009418875098497035,Model1,xgb-wv-wv
87,15,8,0.03427841321235519,0.058880158975839356,0.9175606697353953,1,npv,binary,0.9730682650590774,50,0.0013368673891048799,Model1,xgb-wv-wv
87,15,8,0.03427841321235519,0.058880158975839356,0.9175606697353953,1,ppv,binary,0.5819603967333109,50,0.012028476880822134,Model1,xgb-wv-wv
87,15,8,0.03427841321235519,0.058880158975839356,0.9175606697353953,1,precision,binary,0.5819603967333109,50,0.012028476880822137,Model1,xgb-wv-wv
87,15,8,0.03427841321235519,0.058880158975839356,0.9175606697353953,1,recall,binary,0.6673426958068458,50,0.01265223192405333,Model1,xgb-wv-wv
87,15,8,0.03427841321235519,0.058880158975839356,0.9175606697353953,1,roc_auc,binary,0.9401740393855702,50,0.002855987062635153,Model1,xgb-wv-wv
87,26,13,3.410955900113825e-10,1.4967708073409665e-4,0.2713235390070267,22,bal_accuracy,binary,0.7889992559088322,50,0.0068311075684636124,Model1,xgb-wv-wv
87,26,13,3.410955900113825e-10,1.4967708073409665e-4,0.2713235390070267,22,f_meas,binary,0.5932143093458362,50,0.01088676765160931,Model1,xgb-wv-wv
87,26,13,3.410955900113825e-10,1.4967708073409665e-4,0.2713235390070267,22,kap,binary,0.5609209785800234,50,0.011569063293875527,Model1,xgb-wv-wv
87,26,13,3.410955900113825e-10,1.4967708073409665e-4,0.2713235390070267,22,npv,binary,0.9691172829903583,50,0.0014370937283682815,Model1,xgb-wv-wv
87,26,13,3.410955900113825e-10,1.4967708073409665e-4,0.2713235390070267,22,ppv,binary,0.58896619609874,50,0.015014808737087592,Model1,xgb-wv-wv
87,26,13,3.410955900113825e-10,1.4967708073409665e-4,0.2713235390070267,22,precision,binary,0.58896619609874,50,0.015014808737087592,Model1,xgb-wv-wv
87,26,13,3.410955900113825e-10,1.4967708073409665e-4,0.2713235390070267,22,recall,binary,0.6124313215840581,50,0.013848287035333485,Model1,xgb-wv-wv
87,26,13,3.410955900113825e-10,1.4967708073409665e-4,0.2713235390070267,22,roc_auc,binary,0.9193011662754883,50,0.003358711973268118,Model1,xgb-wv-wv
90,38,1,1.5571597541205788e-4,16.965607224409496,0.9235963111585193,2,bal_accuracy,binary,0.7296941800805586,50,0.008726665279523938,Model1,xgb-wv-wv
90,38,1,1.5571597541205788e-4,16.965607224409496,0.9235963111585193,2,f_meas,binary,0.40389918993450435,50,0.010532849319760423,Model1,xgb-wv-wv
90,38,1,1.5571597541205788e-4,16.965607224409496,0.9235963111585193,2,kap,binary,0.3466775658899961,50,0.011411829845471337,Model1,xgb-wv-wv
90,38,1,1.5571597541205788e-4,16.965607224409496,0.9235963111585193,2,npv,binary,0.9626468391088243,50,0.0021109774751367967,Model1,xgb-wv-wv
90,38,1,1.5571597541205788e-4,16.965607224409496,0.9235963111585193,2,ppv,binary,0.3461118674116062,50,0.014344494893868971,Model1,xgb-wv-wv
90,38,1,1.5571597541205788e-4,16.965607224409496,0.9235963111585193,2,precision,binary,0.3461118674116062,50,0.014344494893868975,Model1,xgb-wv-wv
90,38,1,1.5571597541205788e-4,16.965607224409496,0.9235963111585193,2,recall,binary,0.5524225955619486,50,0.023350384083491896,Model1,xgb-wv-wv
90,38,1,1.5571597541205788e-4,16.965607224409496,0.9235963111585193,2,roc_auc,binary,0.905495879114582,50,0.002926689024947995,Model1,xgb-wv-wv
101,25,9,0.0982462363487209,6.059854857408755e-8,0.9079443899099203,9,bal_accuracy,binary,0.8145213324541016,50,0.006723710541027203,Model1,xgb-wv-wv
101,25,9,0.0982462363487209,6.059854857408755e-8,0.9079443899099203,9,f_meas,binary,0.597090003785144,50,0.010913989155438794,Model1,xgb-wv-wv
101,25,9,0.0982462363487209,6.059854857408755e-8,0.9079443899099203,9,kap,binary,0.5623247965144041,50,0.011577433655968004,Model1,xgb-wv-wv
101,25,9,0.0982462363487209,6.059854857408755e-8,0.9079443899099203,9,npv,binary,0.9734764410286404,50,0.0013934027060459972,Model1,xgb-wv-wv
101,25,9,0.0982462363487209,6.059854857408755e-8,0.9079443899099203,9,ppv,binary,0.545972757369876,50,0.013669181465858033,Model1,xgb-wv-wv
101,25,9,0.0982462363487209,6.059854857408755e-8,0.9079443899099203,9,precision,binary,0.545972757369876,50,0.01366918146585803,Model1,xgb-wv-wv
101,25,9,0.0982462363487209,6.059854857408755e-8,0.9079443899099203,9,recall,binary,0.6734349730947753,50,0.01347191022191059,Model1,xgb-wv-wv
101,25,9,0.0982462363487209,6.059854857408755e-8,0.9079443899099203,9,roc_auc,binary,0.9370392906806733,50,0.002994035728216801,Model1,xgb-wv-wv
109,3,9,0.018401248271179647,0.022079807490352054,0.3351348443107912,23,bal_accuracy,binary,0.8132066862722717,50,0.006069275910840301,Model1,xgb-wv-wv
109,3,9,0.018401248271179647,0.022079807490352054,0.3351348443107912,23,f_meas,binary,0.6198625690465949,50,0.008277828844813493,Model1,xgb-wv-wv
109,3,9,0.018401248271179647,0.022079807490352054,0.3351348443107912,23,kap,binary,0.5885707112367539,50,0.008774927110651972,Model1,xgb-wv-wv
109,3,9,0.018401248271179647,0.022079807490352054,0.3351348443107912,23,npv,binary,0.9727121837629792,50,0.0013883170336839053,Model1,xgb-wv-wv
109,3,9,0.018401248271179647,0.022079807490352054,0.3351348443107912,23,ppv,binary,0.5937695535788939,50,0.012054136528740664,Model1,xgb-wv-wv
109,3,9,0.018401248271179647,0.022079807490352054,0.3351348443107912,23,precision,binary,0.593769553578894,50,0.01205413652874067,Model1,xgb-wv-wv
109,3,9,0.018401248271179647,0.022079807490352054,0.3351348443107912,23,recall,binary,0.662433711412929,50,0.012590802661122726,Model1,xgb-wv-wv
109,3,9,0.018401248271179647,0.022079807490352054,0.3351348443107912,23,roc_auc,binary,0.9411185193886267,50,0.0028368229618762814,Model1,xgb-wv-wv
114,3,1,3.7478511354398287e-7,0.06293664178357614,0.8021812273415039,46,bal_accuracy,binary,0.7249675752453849,50,0.008099927680105931,Model1,xgb-wv-wv
114,3,1,3.7478511354398287e-7,0.06293664178357614,0.8021812273415039,46,f_meas,binary,0.4095122616017649,50,0.010989073189171373,Model1,xgb-wv-wv
114,3,1,3.7478511354398287e-7,0.06293664178357614,0.8021812273415039,46,kap,binary,0.3539655932293391,50,0.011962491267688235,Model1,xgb-wv-wv
114,3,1,3.7478511354398287e-7,0.06293664178357614,0.8021812273415039,46,npv,binary,0.9616644779271039,50,0.0020091978135403704,Model1,xgb-wv-wv
114,3,1,3.7478511354398287e-7,0.06293664178357614,0.8021812273415039,46,ppv,binary,0.35695176501090975,50,0.014350150051077724,Model1,xgb-wv-wv
114,3,1,3.7478511354398287e-7,0.06293664178357614,0.8021812273415039,46,precision,binary,0.3569517650109098,50,0.014350150051077726,Model1,xgb-wv-wv
114,3,1,3.7478511354398287e-7,0.06293664178357614,0.8021812273415039,46,recall,binary,0.5358603451082281,50,0.021508710637000113,Model1,xgb-wv-wv
114,3,1,3.7478511354398287e-7,0.06293664178357614,0.8021812273415039,46,roc_auc,binary,0.8987171541233222,50,0.00317034330948309,Model1,xgb-wv-wv
116,4,10,1.1485599609256664e-10,1.2271444776121562e-10,0.26084670556175527,24,bal_accuracy,binary,0.7049988642189525,50,0.007606096478911371,Model1,xgb-wv-wv
116,4,10,1.1485599609256664e-10,1.2271444776121562e-10,0.26084670556175527,24,f_meas,binary,0.521777898234012,50,0.01471752453334019,Model1,xgb-wv-wv
116,4,10,1.1485599609256664e-10,1.2271444776121562e-10,0.26084670556175527,24,kap,binary,0.4946116404348549,50,0.015323447705420058,Model1,xgb-wv-wv
116,4,10,1.1485599609256664e-10,1.2271444776121562e-10,0.26084670556175527,24,npv,binary,0.9556095385538641,50,0.0018071974770025164,Model1,xgb-wv-wv
116,4,10,1.1485599609256664e-10,1.2271444776121562e-10,0.26084670556175527,24,ppv,binary,0.7019544622044623,50,0.018566522798426903,Model1,xgb-wv-wv
116,4,10,1.1485599609256664e-10,1.2271444776121562e-10,0.26084670556175527,24,precision,binary,0.7019544622044622,50,0.018566522798426893,Model1,xgb-wv-wv
116,4,10,1.1485599609256664e-10,1.2271444776121562e-10,0.26084670556175527,24,recall,binary,0.42442964722352583,50,0.015101178892238599,Model1,xgb-wv-wv
116,4,10,1.1485599609256664e-10,1.2271444776121562e-10,0.26084670556175527,24,roc_auc,binary,0.8817532573124285,50,0.005012554744923911,Model1,xgb-wv-wv
118,3,11,1.0782187825173195e-6,0.001030205053351897,0.9934224523538118,11,bal_accuracy,binary,0.8094290193713263,50,0.004902032377955873,Model1,xgb-wv-wv
118,3,11,1.0782187825173195e-6,0.001030205053351897,0.9934224523538118,11,f_meas,binary,0.5521755785493815,50,0.010414311690876032,Model1,xgb-wv-wv
118,3,11,1.0782187825173195e-6,0.001030205053351897,0.9934224523538118,11,kap,binary,0.5104548753338196,50,0.010988710852662956,Model1,xgb-wv-wv
118,3,11,1.0782187825173195e-6,0.001030205053351897,0.9934224523538118,11,npv,binary,0.9738085787946584,50,0.0010265845093525613,Model1,xgb-wv-wv
118,3,11,1.0782187825173195e-6,0.001030205053351897,0.9934224523538118,11,ppv,binary,0.4736276389051177,50,0.013699568965264707,Model1,xgb-wv-wv
118,3,11,1.0782187825173195e-6,0.001030205053351897,0.9934224523538118,11,precision,binary,0.4736276389051177,50,0.013699568965264704,Model1,xgb-wv-wv
118,3,11,1.0782187825173195e-6,0.001030205053351897,0.9934224523538118,11,recall,binary,0.679905335078023,50,0.010081965533264004,Model1,xgb-wv-wv
118,3,11,1.0782187825173195e-6,0.001030205053351897,0.9934224523538118,11,roc_auc,binary,0.9316419888368569,50,0.002521358278133514,Model1,xgb-wv-wv
120,39,14,2.1666660194967905e-7,6.336985685453481,0.5671748968151817,45,bal_accuracy,binary,0.8153929912740554,50,0.00648767180290793,Model1,xgb-wv-wv
120,39,14,2.1666660194967905e-7,6.336985685453481,0.5671748968151817,45,f_meas,binary,0.4819117742019596,50,0.00953737734763696,Model1,xgb-wv-wv
120,39,14,2.1666660194967905e-7,6.336985685453481,0.5671748968151817,45,kap,binary,0.4269051467798888,50,0.010052503833095154,Model1,xgb-wv-wv
120,39,14,2.1666660194967905e-7,6.336985685453481,0.5671748968151817,45,npv,binary,0.976847221115358,50,0.0013861426165302892,Model1,xgb-wv-wv
120,39,14,2.1666660194967905e-7,6.336985685453481,0.5671748968151817,45,ppv,binary,0.3666972067000277,50,0.010271934298373244,Model1,xgb-wv-wv
120,39,14,2.1666660194967905e-7,6.336985685453481,0.5671748968151817,45,precision,binary,0.3666972067000277,50,0.010271934298373244,Model1,xgb-wv-wv
120,39,14,2.1666660194967905e-7,6.336985685453481,0.5671748968151817,45,recall,binary,0.7328008749937798,50,0.01396561577856752,Model1,xgb-wv-wv
120,39,14,2.1666660194967905e-7,6.336985685453481,0.5671748968151817,45,roc_auc,binary,0.9226095106926997,50,0.0032911894464295577,Model1,xgb-wv-wv
121,15,1,1.0219396853537951e-9,1.2907760731499424e-5,0.10017948854024988,44,bal_accuracy,binary,0.7340534966982148,50,0.008627228002403892,Model1,xgb-wv-wv
121,15,1,1.0219396853537951e-9,1.2907760731499424e-5,0.10017948854024988,44,f_meas,binary,0.4231641199678326,50,0.013522606903477901,Model1,xgb-wv-wv
121,15,1,1.0219396853537951e-9,1.2907760731499424e-5,0.10017948854024988,44,kap,binary,0.36910997025107156,50,0.015257532670092938,Model1,xgb-wv-wv
121,15,1,1.0219396853537951e-9,1.2907760731499424e-5,0.10017948854024988,44,npv,binary,0.9629736093915696,50,0.002146224662877349,Model1,xgb-wv-wv
121,15,1,1.0219396853537951e-9,1.2907760731499424e-5,0.10017948854024988,44,ppv,binary,0.3922129724183059,50,0.02459391918580825,Model1,xgb-wv-wv
121,15,1,1.0219396853537951e-9,1.2907760731499424e-5,0.10017948854024988,44,precision,binary,0.39221297241830594,50,0.024593919185808256,Model1,xgb-wv-wv
121,15,1,1.0219396853537951e-9,1.2907760731499424e-5,0.10017948854024988,44,recall,binary,0.5558983083549027,50,0.02340217823486868,Model1,xgb-wv-wv
121,15,1,1.0219396853537951e-9,1.2907760731499424e-5,0.10017948854024988,44,roc_auc,binary,0.8827396235632127,50,0.004762822093405391,Model1,xgb-wv-wv
121,39,2,2.1081896104976247e-8,1.0041097484584652e-5,0.9903046313823155,25,bal_accuracy,binary,0.8369764805480727,50,0.004969363415165543,Model1,xgb-wv-wv
121,39,2,2.1081896104976247e-8,1.0041097484584652e-5,0.9903046313823155,25,f_meas,binary,0.431643098493108,50,0.009733940231581625,Model1,xgb-wv-wv
121,39,2,2.1081896104976247e-8,1.0041097484584652e-5,0.9903046313823155,25,kap,binary,0.36379893698165267,50,0.010435462602424178,Model1,xgb-wv-wv
121,39,2,2.1081896104976247e-8,1.0041097484584652e-5,0.9903046313823155,25,npv,binary,0.9846380418536044,50,0.0012160411087760448,Model1,xgb-wv-wv
121,39,2,2.1081896104976247e-8,1.0041097484584652e-5,0.9903046313823155,25,ppv,binary,0.2987088615604354,50,0.011050200032774777,Model1,xgb-wv-wv
121,39,2,2.1081896104976247e-8,1.0041097484584652e-5,0.9903046313823155,25,precision,binary,0.2987088615604354,50,0.011050200032774774,Model1,xgb-wv-wv
121,39,2,2.1081896104976247e-8,1.0041097484584652e-5,0.9903046313823155,25,recall,binary,0.8365720458554364,50,0.012660272595572857,Model1,xgb-wv-wv
121,39,2,2.1081896104976247e-8,1.0041097484584652e-5,0.9903046313823155,25,roc_auc,binary,0.9201166056826784,50,0.0032428590706217223,Model1,xgb-wv-wv
122,6,15,7.3179619272920465e-6,4.308387876433827e-4,0.14311351612711792,16,bal_accuracy,binary,0.8269509829721334,50,0.006034634459517368,Model1,xgb-wv-wv
122,6,15,7.3179619272920465e-6,4.308387876433827e-4,0.14311351612711792,16,f_meas,binary,0.5194304444856978,50,0.01043451661235154,Model1,xgb-wv-wv
122,6,15,7.3179619272920465e-6,4.308387876433827e-4,0.14311351612711792,16,kap,binary,0.4699575004804636,50,0.011133489128318498,Model1,xgb-wv-wv
122,6,15,7.3179619272920465e-6,4.308387876433827e-4,0.14311351612711792,16,npv,binary,0.9777917431504256,50,0.001196196474636134,Model1,xgb-wv-wv
122,6,15,7.3179619272920465e-6,4.308387876433827e-4,0.14311351612711792,16,ppv,binary,0.4063014355298143,50,0.011680476347592285,Model1,xgb-wv-wv
122,6,15,7.3179619272920465e-6,4.308387876433827e-4,0.14311351612711792,16,precision,binary,0.40630143552981435,50,0.011680476347592289,Model1,xgb-wv-wv
122,6,15,7.3179619272920465e-6,4.308387876433827e-4,0.14311351612711792,16,recall,binary,0.7405089904680329,50,0.011905274428784838,Model1,xgb-wv-wv
122,6,15,7.3179619272920465e-6,4.308387876433827e-4,0.14311351612711792,16,roc_auc,binary,0.9277004546640089,50,0.0031241130002013936,Model1,xgb-wv-wv
122,12,1,0.004484700495898641,1.906121377244634e-9,0.9755238954863138,5,bal_accuracy,binary,0.831414314369352,50,0.005779741655237127,Model1,xgb-wv-wv
122,12,1,0.004484700495898641,1.906121377244634e-9,0.9755238954863138,5,f_meas,binary,0.49705568823117646,50,0.009688364141170542,Model1,xgb-wv-wv
122,12,1,0.004484700495898641,1.906121377244634e-9,0.9755238954863138,5,kap,binary,0.4433946249930793,50,0.010058597175039794,Model1,xgb-wv-wv
122,12,1,0.004484700495898641,1.906121377244634e-9,0.9755238954863138,5,npv,binary,0.9794182455856224,50,0.0013111657745961385,Model1,xgb-wv-wv
122,12,1,0.004484700495898641,1.906121377244634e-9,0.9755238954863138,5,ppv,binary,0.3745150627548048,50,0.01047732683301483,Model1,xgb-wv-wv
122,12,1,0.004484700495898641,1.906121377244634e-9,0.9755238954863138,5,precision,binary,0.3745150627548048,50,0.010477326833014833,Model1,xgb-wv-wv
122,12,1,0.004484700495898641,1.906121377244634e-9,0.9755238954863138,5,recall,binary,0.7643569689217706,50,0.012164395410750768,Model1,xgb-wv-wv
122,12,1,0.004484700495898641,1.906121377244634e-9,0.9755238954863138,5,roc_auc,binary,0.9300555451304269,50,0.00276614268275422,Model1,xgb-wv-wv
122,32,1,0.09781365776221852,0.11947327978420891,0.2749252845948562,33,bal_accuracy,binary,0.8355200530733559,50,0.0061020815068812614,Model1,xgb-wv-wv
122,32,1,0.09781365776221852,0.11947327978420891,0.2749252845948562,33,f_meas,binary,0.5475604672601306,50,0.010257149253617242,Model1,xgb-wv-wv
122,32,1,0.09781365776221852,0.11947327978420891,0.2749252845948562,33,kap,binary,0.5024308295505023,50,0.010858125385750424,Model1,xgb-wv-wv
122,32,1,0.09781365776221852,0.11947327978420891,0.2749252845948562,33,npv,binary,0.9785866991051848,50,0.0012576224474088302,Model1,xgb-wv-wv
122,32,1,0.09781365776221852,0.11947327978420891,0.2749252845948562,33,ppv,binary,0.4391489284153924,50,0.011709004450286022,Model1,xgb-wv-wv
122,32,1,0.09781365776221852,0.11947327978420891,0.2749252845948562,33,precision,binary,0.4391489284153924,50,0.011709004450286017,Model1,xgb-wv-wv
122,32,1,0.09781365776221852,0.11947327978420891,0.2749252845948562,33,recall,binary,0.7470726561094355,50,0.012306382294791866,Model1,xgb-wv-wv
122,32,1,0.09781365776221852,0.11947327978420891,0.2749252845948562,33,roc_auc,binary,0.9307262481926781,50,0.0033445123498757334,Model1,xgb-wv-wv
122,34,4,1.0370318909791735e-10,7.89751492161933,0.5806751323159411,18,bal_accuracy,binary,0.7085287678819641,50,0.0071545395896219265,Model1,xgb-wv-wv
122,34,4,1.0370318909791735e-10,7.89751492161933,0.5806751323159411,18,f_meas,binary,0.5078203474303528,50,0.013313675476984439,Model1,xgb-wv-wv
122,34,4,1.0370318909791735e-10,7.89751492161933,0.5806751323159411,18,kap,binary,0.47690053356160533,50,0.013956313544735083,Model1,xgb-wv-wv
122,34,4,1.0370318909791735e-10,7.89751492161933,0.5806751323159411,18,npv,binary,0.9563978862768432,50,0.001699703122627436,Model1,xgb-wv-wv
122,34,4,1.0370318909791735e-10,7.89751492161933,0.5806751323159411,18,ppv,binary,0.6247797886667857,50,0.01866511919454892,Model1,xgb-wv-wv
122,34,4,1.0370318909791735e-10,7.89751492161933,0.5806751323159411,18,precision,binary,0.6247797886667855,50,0.018665119194548895,Model1,xgb-wv-wv
122,34,4,1.0370318909791735e-10,7.89751492161933,0.5806751323159411,18,recall,binary,0.4380663321152297,50,0.014207074068882743,Model1,xgb-wv-wv
122,34,4,1.0370318909791735e-10,7.89751492161933,0.5806751323159411,18,roc_auc,binary,0.8637333715550906,50,0.005018020916309566,Model1,xgb-wv-wv
122,34,15,0.0024612519451721543,3.312222346918283e-6,0.28756561048933305,6,bal_accuracy,binary,0.8386812263580466,50,0.005544451370393738,Model1,xgb-wv-wv
122,34,15,0.0024612519451721543,3.312222346918283e-6,0.28756561048933305,6,f_meas,binary,0.5054700445531142,50,0.01005272632156685,Model1,xgb-wv-wv
122,34,15,0.0024612519451721543,3.312222346918283e-6,0.28756561048933305,6,kap,binary,0.4522903967819469,50,0.010533450418509463,Model1,xgb-wv-wv
122,34,15,0.0024612519451721543,3.312222346918283e-6,0.28756561048933305,6,npv,binary,0.9807948555904121,50,0.0010891102338357786,Model1,xgb-wv-wv
122,34,15,0.0024612519451721543,3.312222346918283e-6,0.28756561048933305,6,ppv,binary,0.37860439191253,50,0.010301876990826351,Model1,xgb-wv-wv
122,34,15,0.0024612519451721543,3.312222346918283e-6,0.28756561048933305,6,precision,binary,0.37860439191253,50,0.010301876990826353,Model1,xgb-wv-wv
122,34,15,0.0024612519451721543,3.312222346918283e-6,0.28756561048933305,6,recall,binary,0.7791079105667271,50,0.010710616100527053,Model1,xgb-wv-wv
122,34,15,0.0024612519451721543,3.312222346918283e-6,0.28756561048933305,6,roc_auc,binary,0.9302833881393398,50,0.003006970961150881,Model1,xgb-wv-wv
122,36,15,9.37579525470859e-9,2.4673444616596503e-10,0.12149956985465252,29,bal_accuracy,binary,0.8091753489000193,50,0.01025673135460568,Model1,xgb-wv-wv
122,36,15,9.37579525470859e-9,2.4673444616596503e-10,0.12149956985465252,29,f_meas,binary,0.38385208814583716,50,0.007892033545815642,Model1,xgb-wv-wv
122,36,15,9.37579525470859e-9,2.4673444616596503e-10,0.12149956985465252,29,kap,binary,0.30993648317171024,50,0.007637524825340372,Model1,xgb-wv-wv
122,36,15,9.37579525470859e-9,2.4673444616596503e-10,0.12149956985465252,29,npv,binary,0.9816109146073575,50,0.0022860928599869506,Model1,xgb-wv-wv
122,36,15,9.37579525470859e-9,2.4673444616596503e-10,0.12149956985465252,29,ppv,binary,0.2631142034998187,50,0.007873064725783054,Model1,xgb-wv-wv
122,36,15,9.37579525470859e-9,2.4673444616596503e-10,0.12149956985465252,29,precision,binary,0.2631142034998187,50,0.007873064725783058,Model1,xgb-wv-wv
122,36,15,9.37579525470859e-9,2.4673444616596503e-10,0.12149956985465252,29,recall,binary,0.800299769986106,50,0.02637391192687723,Model1,xgb-wv-wv
122,36,15,9.37579525470859e-9,2.4673444616596503e-10,0.12149956985465252,29,roc_auc,binary,0.904574095893112,50,0.0035445609713469287,Model1,xgb-wv-wv
122,38,15,1.8997749016217634e-10,1.7804148628772832e-10,0.8783533155500749,43,bal_accuracy,binary,0.7716101879193763,50,0.006709624086342675,Model1,xgb-wv-wv
122,38,15,1.8997749016217634e-10,1.7804148628772832e-10,0.8783533155500749,43,f_meas,binary,0.5793267617095222,50,0.010920510295053676,Model1,xgb-wv-wv
122,38,15,1.8997749016217634e-10,1.7804148628772832e-10,0.8783533155500749,43,kap,binary,0.5475195739210016,50,0.011446519579324715,Model1,xgb-wv-wv
122,38,15,1.8997749016217634e-10,1.7804148628772832e-10,0.8783533155500749,43,npv,binary,0.96631975266774,50,0.001404675313246166,Model1,xgb-wv-wv
122,38,15,1.8997749016217634e-10,1.7804148628772832e-10,0.8783533155500749,43,ppv,binary,0.5974777467095007,50,0.014484083542399231,Model1,xgb-wv-wv
122,38,15,1.8997749016217634e-10,1.7804148628772832e-10,0.8783533155500749,43,precision,binary,0.5974777467095006,50,0.014484083542399237,Model1,xgb-wv-wv
122,38,15,1.8997749016217634e-10,1.7804148628772832e-10,0.8783533155500749,43,recall,binary,0.5737701037416113,50,0.013563968375443552,Model1,xgb-wv-wv
122,38,15,1.8997749016217634e-10,1.7804148628772832e-10,0.8783533155500749,43,roc_auc,binary,0.902939161277567,50,0.004027485104634864,Model1,xgb-wv-wv
